Date,HomeTeam,AwayTeam,FTHG,FTAG,FTR,H_Roll_GF_5,H_Roll_SOT_5,H_Home_GF_Form,H_Home_SOT_Form,H_Roll_Pts_5,H_Travel_Fatigue_5,A_Roll_GF_5,A_Roll_SOT_5,A_Away_GF_Form,A_Away_SOT_Form,A_Roll_Pts_5,A_Travel_Fatigue_5
2023-08-11,Burnley,Man City,0,3,A,0.0,0.0,0.0,0.0,0.0,0.0,0.0,0.0,0.0,0.0,0.0,0.0
2023-08-12,Arsenal,Nott'm Forest,2,1,H,0.0,0.0,0.0,0.0,0.0,0.0,0.0,0.0,0.0,0.0,0.0,0.0
2023-08-12,Bournemouth,West Ham,1,1,D,0.0,0.0,0.0,0.0,0.0,0.0,0.0,0.0,0.0,0.0,0.0,0.0
2023-08-12,Brighton,Luton,4,1,H,0.0,0.0,0.0,0.0,0.0,0.0,0.0,0.0,0.0,0.0,0.0,0.0
2023-08-12,Everton,Fulham,0,1,A,0.0,0.0,0.0,0.0,0.0,0.0,0.0,0.0,0.0,0.0,0.0,0.0
2023-08-12,Sheffield United,Crystal Palace,0,1,A,0.0,0.0,0.0,0.0,0.0,0.0,0.0,0.0,0.0,0.0,0.0,0.0
2023-08-12,Newcastle,Aston Villa,5,1,H,0.0,0.0,0.0,0.0,0.0,0.0,0.0,0.0,0.0,0.0,0.0,0.0
2023-08-13,Brentford,Tottenham,2,2,D,0.0,0.0,0.0,0.0,0.0,0.0,0.0,0.0,0.0,0.0,0.0,0.0
2023-08-13,Chelsea,Liverpool,1,1,D,0.0,0.0,0.0,0.0,0.0,0.0,0.0,0.0,0.0,0.0,0.0,0.0
2023-08-14,Man United,Wolves,1,0,H,0.0,0.0,0.0,0.0,0.0,0.0,0.0,0.0,0.0,0.0,0.0,0.0
2023-08-18,Nott'm Forest,Sheffield United,2,1,H,1.0,2.0,0.0,0.0,0.0,105.04567355998864,0.0,1.0,0.0,0.0,0.0,0.0
2023-08-19,Tottenham,Man United,2,0,H,2.0,6.0,0.0,0.0,1.0,12.34962881080862,1.0,3.0,0.0,0.0,3.0,0.0
2023-08-19,Wolves,Brighton,1,4,A,0.0,6.0,0.0,0.0,0.0,60.66887473582418,4.0,12.0,0.0,0.0,3.0,0.0
2023-08-19,Man City,Newcastle,1,0,H,3.0,8.0,0.0,0.0,3.0,21.163273830551542,5.0,13.0,0.0,0.0,3.0,0.0
2023-08-19,Fulham,Brentford,0,3,A,1.0,2.0,0.0,0.0,3.0,178.20626515571684,2.0,6.0,0.0,0.0,1.0,0.0
2023-08-19,Liverpool,Bournemouth,3,1,H,1.0,1.0,0.0,0.0,1.0,178.1197586728539,1.0,5.0,0.0,0.0,1.0,0.0
2023-08-20,Aston Villa,Everton,4,0,H,1.0,6.0,0.0,0.0,0.0,170.7516174355438,0.0,9.0,0.0,0.0,0.0,0.0
2023-08-20,West Ham,Chelsea,3,1,H,1.0,3.0,0.0,0.0,1.0,96.5296922280089,1.0,4.0,0.0,0.0,1.0,0.0
2023-08-21,Crystal Palace,Arsenal,0,1,A,1.0,8.0,0.0,0.0,3.0,148.23790795098836,2.0,7.0,0.0,0.0,3.0,0.0
2023-08-25,Chelsea,Luton,3,0,H,1.0,4.0,1.0,4.0,1.0,8.479062391386776,1.0,3.0,1.0,3.0,0.0,72.15750824270474
2023-08-26,Brighton,West Ham,1,3,A,4.0,10.0,4.0,12.0,6.0,148.0356940056103,2.0,4.5,1.0,3.0,4.0,193.0593844560178
2023-08-26,Man United,Nott'm Forest,3,2,H,0.5,4.5,1.0,3.0,3.0,158.8491760597475,1.5,3.0,1.0,2.0,3.0,210.09134711997729
2023-08-26,Everton,Wolves,0,1,A,0.0,5.5,0.0,9.0,0.0,78.42649882496303,0.5,5.5,0.0,6.0,0.0,121.33774947164837
2023-08-26,Brentford,Crystal Palace,1,1,D,2.5,7.0,2.0,6.0,4.0,3.070604813186043,0.5,5.0,1.0,8.0,3.0,296.4758159019767
2023-08-26,Bournemouth,Tottenham,0,2,A,1.0,5.0,1.0,5.0,1.0,192.2480737380704,2.0,6.0,2.0,6.0,4.0,24.69925762161724
2023-08-26,Arsenal,Fulham,2,2,D,1.5,5.0,2.0,7.0,6.0,10.864920503269387,0.5,2.0,1.0,2.0,3.0,356.41253031143367
2023-08-27,Burnley,Aston Villa,1,3,A,0.0,1.0,0.0,1.0,0.0,0.0,2.5,6.5,1.0,6.0,3.0,341.5032348710876
2023-08-27,Sheffield United,Man City,1,2,A,0.5,2.0,0.0,1.0,0.0,32.86688166934329,2.0,6.0,3.0,8.0,6.0,42.326547661103085
2023-08-27,Newcastle,Liverpool,1,2,A,2.5,7.0,5.0,13.0,3.0,105.73658397749489,2.0,5.5,1.0,1.0,4.0,356.2395173457078
2023-09-01,Luton,West Ham,1,2,A,0.5,2.0,0.0,0.0,0.0,115.22932813283464,2.3333333333333335,4.0,2.0,3.0,7.0,239.91980302231832
2023-09-02,Brighton,Newcastle,3,1,H,3.0,10.0,2.5,11.0,6.0,296.0713880112206,2.0,7.333333333333333,0.0,1.0,3.0,211.47316795498978
2023-09-02,Man City,Fulham,5,1,H,2.0,7.0,1.0,4.0,9.0,73.3704667229607,1.0,2.3333333333333335,1.5,2.5,4.0,363.7804852175012
2023-09-02,Chelsea,Nott'm Forest,0,1,A,1.6666666666666667,5.333333333333333,2.0,6.0,4.0,16.958124782773552,1.6666666666666667,3.3333333333333335,1.5,3.0,3.0,270.14157306517734
2023-09-02,Burnley,Tottenham,2,5,A,0.5,1.5,0.5,1.5,0.0,0.0,2.0,6.0,2.0,6.0,7.0,122.14211695804379
2023-09-02,Brentford,Bournemouth,2,2,D,2.0,5.0,1.5,3.5,5.0,6.141209626372086,0.6666666666666666,4.333333333333333,1.0,5.0,1.0,384.4961474761408
2023-09-02,Sheffield United,Everton,2,2,D,0.6666666666666666,2.0,0.5,1.5,0.0,65.73376333868659,0.0,6.0,0.0,2.0,0.0,156.85299764992607
2023-09-03,Crystal Palace,Wolves,3,2,H,0.6666666666666666,5.0,0.0,2.0,4.0,307.2974513370892,0.6666666666666666,4.333333333333333,0.5,4.0,3.0,189.48665121265196
2023-09-03,Liverpool,Aston Villa,3,0,H,2.0,5.0,3.0,10.0,7.0,475.90473895984354,2.6666666666666665,6.333333333333333,2.0,6.0,6.0,431.0715901488342
2023-09-03,Arsenal,Man United,3,1,H,1.6666666666666667,7.0,2.0,9.0,7.0,21.729841006538773,1.3333333333333333,6.0,0.0,6.0,6.0,317.698352119495
2023-09-16,Newcastle,Brentford,1,0,H,1.75,6.0,3.0,10.5,3.0,502.8044776955512,2.0,5.5,3.0,8.0,6.0,6.141209626372086
2023-09-16,West Ham,Man City,1,3,A,2.25,3.75,3.0,6.0,10.0,312.077311265023,2.75,6.5,2.5,8.5,12.0,104.41438578481831
2023-09-16,Tottenham,Sheffield United,2,1,H,2.75,7.0,2.0,6.0,10.0,333.78339091442757,1.0,3.5,1.0,3.0,1.0,65.73376333868659
2023-09-16,Fulham,Luton,1,0,H,1.0,2.75,0.0,2.0,4.0,523.4070259297906,0.6666666666666666,1.6666666666666667,0.5,2.0,0.0,144.85237274538045
2023-09-16,Aston Villa,Crystal Palace,3,1,H,2.0,5.5,4.0,7.0,6.0,469.931431162095,1.25,6.5,1.0,6.5,7.0,318.1190867722018
2023-09-16,Wolves,Liverpool,1,3,A,1.0,4.25,1.0,5.0,3.0,375.50767060590766,2.25,4.75,1.5,2.5,10.0,595.5699605739793
2023-09-16,Man United,Brighton,1,3,A,1.25,5.0,2.0,6.0,6.0,478.3366661247886,3.0,9.0,4.0,8.0,9.0,296.0713880112206
2023-09-17,Bournemouth,Chelsea,0,0,D,1.0,4.5,0.5,4.0,2.0,469.5982266599198,1.25,4.5,1.0,4.0,4.0,16.958124782773552
2023-09-17,Everton,Arsenal,0,1,A,0.5,6.0,0.0,8.0,1.0,218.6512885421492,2.0,6.5,1.0,3.0,10.0,21.729841006538773
2023-09-18,Nott'm Forest,Burnley,1,1,D,1.5,3.25,2.0,4.0,6.0,433.08739051524935,1.0,2.3333333333333335,0.0,0.0,0.0,0.0
2023-09-23,Brentford,Everton,1,3,A,1.6,4.8,1.6666666666666667,4.666666666666667,6.0,253.14900693748393,0.4,5.0,1.0,4.0,1.0,280.4495794343723
2023-09-23,Burnley,Man United,0,1,A,1.0,2.5,1.0,2.3333333333333335,1.0,74.07354259776639,1.2,4.8,0.5,4.0,6.0,638.9749801300823
2023-09-23,Luton,Wolves,1,1,D,0.5,1.75,1.0,1.0,0.0,174.4909938041843,1.0,3.8,1.0,4.0,3.0,495.296699097838
2023-09-23,Crystal Palace,Fulham,0,0,D,1.2,5.8,1.5,6.5,7.0,426.5624833508665,1.0,2.6,1.3333333333333333,3.0,7.0,685.2143207840853
2023-09-23,Man City,Nott'm Forest,2,0,H,2.8,8.2,3.0,4.5,15.0,267.1432806538708,1.4,3.4,1.3333333333333333,3.0,7.0,541.4396974417303
2023-09-24,Arsenal,Tottenham,2,2,D,1.8,6.0,2.3333333333333335,7.666666666666667,13.0,198.89253576944546,2.6,7.6,3.0,7.333333333333333,13.0,509.80228834836294
2023-09-24,Brighton,Bournemouth,3,1,H,3.0,8.8,2.6666666666666665,9.333333333333334,12.0,498.6314974721857,0.8,4.4,1.5,5.0,3.0,554.7003058436989
2023-09-24,Chelsea,Aston Villa,0,1,A,1.0,4.8,1.3333333333333333,4.666666666666667,5.0,105.07478256544924,2.2,5.4,1.3333333333333333,5.0,9.0,547.7740660842173
2023-09-24,Liverpool,West Ham,3,1,H,2.4,5.0,3.0,7.0,13.0,663.1263950886633,2.0,3.6,2.0,3.0,10.0,341.82043220243827
2023-09-24,Sheffield United,Newcastle,0,8,A,1.0,3.8,1.0,3.6666666666666665,1.0,201.29413110909445,1.6,5.2,0.5,1.5,6.0,794.1357874361127
2023-09-30,West Ham,Sheffield United,2,0,H,2.0,3.8,2.0,4.5,9.0,425.3797181236724,1.0,3.8,1.0,4.0,1.0,336.8544988795023
2023-09-30,Wolves,Man City,2,1,H,1.2,3.2,1.0,3.5,4.0,521.5115806070664,2.6,7.4,2.6666666666666665,10.666666666666666,15.0,408.7089016923718
2023-09-30,Newcastle,Burnley,2,0,H,2.2,5.6,2.3333333333333335,7.666666666666667,6.0,905.2211256182002,0.8,2.8,1.0,3.0,1.0,148.14708519553278
2023-09-30,Tottenham,Liverpool,2,1,H,2.6,7.4,2.0,8.0,13.0,501.3110100129741,2.8,6.2,2.0,3.6666666666666665,15.0,552.5630709304934
2023-09-30,Everton,Luton,1,2,A,1.0,4.4,0.0,5.666666666666667,4.0,455.998208393608,0.6,2.2,0.3333333333333333,2.0,1.0,204.12961486298815
2023-09-30,Bournemouth,Arsenal,0,4,A,0.8,4.2,0.3333333333333333,4.0,2.0,631.7039133204191,1.8,5.8,1.0,3.5,11.0,376.05523053235214
2023-09-30,Aston Villa,Brighton,6,1,H,2.2,5.6,3.5,6.0,12.0,478.1709797138272,2.8,7.2,3.5,8.0,12.0,701.1916069331508
2023-09-30,Man United,Crystal Palace,0,1,A,1.2,5.0,1.6666666666666667,5.333333333333333,6.0,661.6264524886585,1.0,4.8,1.0,5.333333333333333,5.0,386.7679719785429
2023-10-01,Nott'm Forest,Brentford,1,1,D,1.2,3.6,1.5,4.0,7.0,494.36224160698146,1.4,4.0,1.5,5.0,5.0,500.1568042485958
2023-10-02,Fulham,Chelsea,0,2,A,0.8,3.2,0.5,2.0,5.0,514.9090815008111,0.8,4.8,0.5,5.0,4.0,193.19144034812493
2023-10-03,Luton,Burnley,1,2,A,0.8,2.0,1.0,2.5,4.0,283.0468055080594,0.8,3.0,0.5,2.5,1.0,233.71227106207908
2023-10-07,Luton,Tottenham,0,1,A,1.0,2.4,1.0,2.6666666666666665,4.0,391.0496845057055,2.6,7.8,2.75,6.75,13.0,492.8197316775853
2023-10-07,Burnley,Chelsea,1,4,A,1.0,3.4,0.75,2.75,4.0,452.88725487872796,1.0,4.8,1.0,4.666666666666667,7.0,186.1145383275086
2023-10-07,Everton,Bournemouth,3,0,H,1.2,5.0,0.25,5.5,4.0,553.1203385278808,0.6,3.4,1.3333333333333333,4.666666666666667,2.0,516.4594470590689
2023-10-07,Fulham,Sheffield United,3,1,H,0.8,3.4,0.3333333333333333,2.3333333333333335,5.0,344.603842217537,0.8,3.6,0.6666666666666666,3.3333333333333335,1.0,444.573350267832
2023-10-07,Man United,Brentford,2,1,H,1.2,4.6,1.25,5.0,6.0,525.4287487874872,1.0,3.4,1.3333333333333333,5.0,3.0,603.4033698568626
2023-10-07,Crystal Palace,Nott'm Forest,0,0,D,1.2,4.8,1.0,5.333333333333333,8.0,408.772143272993,1.0,3.0,1.0,3.0,5.0,447.2847857722327
2023-10-08,Brighton,Liverpool,2,2,D,2.2,6.2,2.75,8.0,9.0,690.5957939522489,2.4,5.0,1.75,3.75,12.0,549.7304400961688
2023-10-08,West Ham,Newcastle,2,2,D,1.8,4.4,2.0,6.0,9.0,508.9390040449066,2.6,7.0,3.0,6.0,9.0,910.5698798227928
2023-10-08,Wolves,Aston Villa,1,1,D,1.4,2.4,1.3333333333333333,2.6666666666666665,7.0,547.726462116295,2.6,6.0,1.25,5.5,12.0,408.56789334343705
2023-10-08,Arsenal,Man City,1,0,H,2.4,6.8,2.25,7.25,11.0,459.14582137839614,2.6,8.2,2.25,10.0,12.0,449.29483369147266
2023-10-21,Sheffield United,Man United,1,2,A,0.8,3.6,0.75,3.0,1.0,421.5756013594403,1.0,4.4,0.6666666666666666,4.0,6.0,366.5795727277397
2023-10-21,Chelsea,Arsenal,2,2,D,1.2,4.2,1.0,4.5,7.0,358.3226952017252,2.2,5.0,2.0,5.0,13.0,542.2364122244401
2023-10-21,Newcastle,Crystal Palace,4,0,H,2.8,6.0,2.25,7.75,10.0,1051.3901265875436,1.0,4.2,1.0,4.5,8.0,568.1925870833189
2023-10-21,Nott'm Forest,Luton,2,2,D,0.6,3.2,1.3333333333333333,3.0,6.0,502.62172653710024,0.8,2.6,0.75,2.0,4.0,361.42663989315975
2023-10-21,Brentford,Burnley,3,0,H,1.0,3.8,1.5,4.0,2.0,660.3829909888766,0.8,3.2,1.0,3.0,4.0,604.4095185652889
2023-10-21,Bournemouth,Wolves,1,2,A,0.6,3.6,0.25,3.25,2.0,517.0527669771907,1.4,2.6,1.0,3.75,5.0,479.57756037529134
2023-10-21,Liverpool,Everton,2,0,H,2.4,5.0,3.0,7.0,10.0,481.3745904823393,1.8,5.2,1.6666666666666667,4.666666666666667,7.0,474.6938397029177
2023-10-21,Man City,Brighton,2,1,H,2.2,6.6,2.6666666666666665,4.333333333333333,9.0,530.0098772948893,2.4,4.8,2.6666666666666665,6.333333333333333,10.0,679.999980971347
2023-10-22,Aston Villa,West Ham,4,1,H,2.2,5.6,4.333333333333333,7.0,10.0,330.7411413302669,1.6,4.4,1.75,3.25,7.0,462.078585478606
2023-10-23,Tottenham,Fulham,2,0,H,2.4,7.4,2.0,8.0,13.0,420.209215635738,1.0,4.0,1.0,3.5,7.0,337.23588731146947
2023-10-27,Crystal Palace,Tottenham,1,2,A,0.4,2.6,0.75,4.5,5.0,812.5772980014244,1.8,6.4,2.4,6.2,13.0,233.40028497393357
2023-10-28,Wolves,Newcastle,2,2,D,1.4,3.2,1.25,2.75,8.0,422.34988449703906,3.4,7.0,2.75,5.25,13.0,1006.615647589228
2023-10-28,Bournemouth,Burnley,2,1,H,0.4,3.4,0.4,3.4,1.0,624.792081449604,0.6,2.8,0.75,2.5,3.0,708.7591688619397
2023-10-28,Chelsea,Brentford,0,2,A,1.6,4.8,1.2,4.6,8.0,539.195654656741,1.2,4.4,1.25,4.5,4.0,820.6097693172512
2023-10-28,Arsenal,Sheffield United,5,0,H,2.0,4.6,2.0,6.2,11.0,548.4164149061094,0.6,3.2,0.75,3.0,0.0,562.7065748574446
2023-10-29,West Ham,Everton,0,1,A,1.4,4.6,2.0,5.25,4.0,493.87465287003624,1.4,4.2,1.25,3.75,6.0,413.4944385907402
2023-10-29,Aston Villa,Luton,3,1,H,3.0,6.4,4.25,7.0,13.0,303.62290358158253,1.2,3.0,1.0,2.4,5.0,410.5226913101047
2023-10-29,Brighton,Fulham,1,1,D,2.0,4.2,2.6,7.0,7.0,882.0420473340055,0.8,3.8,0.8,3.4,7.0,188.76380285343663
2023-10-29,Liverpool,Nott'm Forest,3,0,H,2.2,5.4,2.75,6.75,10.0,576.9917830852377,0.8,4.2,0.8,3.4,4.0,455.06307579709585
2023-10-29,Man United,Man City,0,3,A,1.2,5.0,1.4,5.6,9.0,240.3439449948539,1.6,6.8,1.8,8.2,9.0,658.592498945321
2023-11-04,Sheffield United,Wolves,2,1,H,0.4,2.2,0.8,3.6,0.0,565.0584164563282,1.6,4.0,1.2,4.4,9.0,431.35419952011205
2023-11-04,Newcastle,Arsenal,1,0,H,3.6,7.6,2.6,7.6,11.0,881.3880964928259,2.8,5.4,2.0,4.5,11.0,377.43372282487195
2023-11-04,Man City,Bournemouth,6,1,H,1.6,5.8,2.5,4.75,9.0,499.8490870701274,0.8,3.8,1.0,4.5,3.0,539.6900022658249
2023-11-04,Burnley,Crystal Palace,0,2,A,0.8,2.6,0.8,2.8,3.0,719.7877054479524,0.4,2.6,0.8,4.2,5.0,959.3402477759778
2023-11-04,Brentford,West Ham,3,2,H,1.6,5.0,1.8,5.2,7.0,577.8385036512295,1.2,4.4,1.6,3.4,4.0,568.0851075667558
2023-11-04,Fulham,Man United,0,1,A,0.8,4.4,1.0,3.25,5.0,78.2658799994482,1.0,4.8,1.0,4.25,9.0,114.10831726196812
2023-11-04,Everton,Brighton,1,1,D,1.6,4.8,0.8,6.0,9.0,531.7851258477601,1.6,4.0,2.25,5.5,5.0,881.5240042356986
2023-11-05,Nott'm Forest,Aston Villa,2,0,H,0.6,3.6,1.5,4.25,3.0,429.64901448118184,3.0,6.6,1.2,5.2,13.0,225.78026865946012
2023-11-05,Luton,Liverpool,1,1,D,1.2,2.4,0.75,2.5,4.0,424.1949066783246,2.2,5.8,1.8,3.8,10.0,509.43534857055374
2023-11-06,Tottenham,Chelsea,1,4,A,1.8,4.6,2.0,7.25,13.0,71.63821139762697,1.6,4.0,1.75,4.75,7.0,451.07899687406535
2023-11-11,Man United,Luton,1,0,H,1.0,5.0,1.1666666666666667,5.166666666666667,9.0,254.10599300065547,1.0,3.0,1.0,2.1666666666666665,2.0,348.31564166990216
2023-11-11,Wolves,Tottenham,2,1,H,1.6,4.0,1.4,3.4,8.0,404.94233890440876,1.6,4.6,2.3333333333333335,5.333333333333333,12.0,82.03668477983598
2023-11-11,Arsenal,Burnley,3,1,H,2.4,4.4,2.5,6.5,10.0,444.74070911311003,0.8,3.2,0.8,2.6,3.0,845.8637935377898
2023-11-11,Crystal Palace,Everton,2,3,A,0.8,2.6,0.8,4.2,7.0,1038.9808937941002,1.2,4.4,1.2,3.8,7.0,536.8808914523677
2023-11-11,Bournemouth,Newcastle,2,0,H,0.8,3.2,0.6666666666666666,3.8333333333333335,3.0,653.1711284659135,2.2,5.0,2.6,5.2,11.0,936.4065169548977
2023-11-12,West Ham,Nott'm Forest,3,2,H,1.4,4.0,1.6,4.6,4.0,400.155044728552,1.0,3.6,0.6666666666666666,3.0,6.0,454.619042366509
2023-11-12,Liverpool,Brentford,3,0,H,1.8,5.6,2.8,7.0,8.0,592.4026883488363,2.0,5.4,1.4,4.6,10.0,335.0672379852078
2023-11-12,Chelsea,Man City,4,4,D,2.4,4.8,1.0,4.166666666666667,10.0,372.981254130189,2.4,6.6,2.0,8.5,9.0,341.1056751949337
2023-11-12,Aston Villa,Fulham,3,1,H,2.8,5.8,4.0,6.8,10.0,167.9425740213303,0.8,4.0,0.8333333333333334,3.6666666666666665,4.0,113.13184448029338
2023-11-12,Brighton,Sheffield United,1,1,D,1.2,3.6,2.3333333333333335,7.0,3.0,894.8299272880192,0.8,2.4,0.6,2.4,3.0,567.4102580552119
2023-11-25,Brentford,Arsenal,0,1,A,1.8,5.0,2.0,5.0,9.0,403.7304475276486,2.2,4.0,1.6,3.8,10.0,595.2548788149414
2023-11-25,Sheffield United,Bournemouth,1,3,A,1.0,2.2,1.0,3.3333333333333335,4.0,609.8202096922794,1.2,5.0,1.0,3.8,6.0,766.6522546660021
2023-11-25,Nott'm Forest,Brighton,2,3,A,1.2,4.4,1.6,4.0,5.0,504.3769851038081,1.2,4.2,2.0,4.8,4.0,973.2560787765963
2023-11-25,Man City,Liverpool,1,1,D,3.0,7.0,3.2,5.4,10.0,441.4274925260386,2.2,6.8,1.6666666666666667,4.166666666666667,11.0,567.6393348032735
2023-11-25,Luton,Crystal Palace,2,1,H,0.8,3.2,0.8,3.0,2.0,331.318430895152,1.0,3.0,1.0,4.0,4.0,1056.822857145449
2023-11-25,Burnley,West Ham,1,2,A,0.6,3.4,0.6666666666666666,3.1666666666666665,0.0,804.7867456640248,1.6,3.4,1.6666666666666667,3.1666666666666665,4.0,232.22498189034806
2023-11-25,Newcastle,Chelsea,4,1,H,1.8,4.4,2.3333333333333335,6.666666666666667,8.0,1118.446198170026,2.8,5.8,2.2,5.4,8.0,381.59800879821773
2023-11-26,Tottenham,Aston Villa,1,2,A,1.4,3.4,1.8,6.8,9.0,189.1449165387844,2.2,5.2,1.0,4.833333333333333,10.0,110.10487938320048
2023-11-26,Everton,Man United,0,3,A,1.6,4.2,0.8333333333333334,5.666666666666667,10.0,547.3532818863875,1.2,5.0,1.0,4.4,12.0,394.1036687393428
2023-11-27,Fulham,Wolves,3,2,H,1.0,4.4,0.8,3.2,4.0,205.7904650571092,1.6,4.6,1.1666666666666667,4.166666666666667,8.0,378.53047828870535
2023-12-02,Nott'm Forest,Everton,0,1,A,1.6,4.4,1.6666666666666667,4.166666666666667,4.0,496.7159788562794,1.0,3.8,1.5,3.8333333333333335,7.0,733.3743012796433
2023-12-02,Arsenal,Wolves,2,1,H,2.2,4.4,2.5714285714285716,6.428571428571429,10.0,510.2188925698719,1.8,5.2,1.2857142857142858,4.428571428571429,7.0,490.4243189911059
2023-12-02,Brentford,Luton,3,1,H,1.6,5.0,1.7142857142857142,4.714285714285714,9.0,518.660601546342,1.2,3.4,0.8571428571428571,2.4285714285714284,5.0,465.39591900817777
2023-12-02,Burnley,Sheffield United,5,0,H,0.6,3.8,0.7142857142857143,3.4285714285714284,0.0,831.3624179203478,1.0,2.2,0.6666666666666666,2.1666666666666665,4.0,782.9467616260683
2023-12-02,Newcastle,Man United,1,0,H,2.2,4.8,2.5714285714285716,6.428571428571429,10.0,1165.014386824996,1.4,4.2,1.3333333333333333,4.333333333333333,12.0,421.9321097617823
2023-12-03,West Ham,Crystal Palace,1,1,D,1.6,3.4,1.8333333333333333,4.833333333333333,6.0,413.25289867750496,1.2,4.2,1.0,4.571428571428571,3.0,923.2527884752916
2023-12-03,Liverpool,Fulham,4,3,H,2.0,6.6,2.8333333333333335,7.5,11.0,547.8210348684987,1.0,4.4,0.8571428571428571,3.857142857142857,4.0,306.35011150636774
2023-12-03,Man City,Tottenham,3,3,D,3.2,7.8,2.8333333333333335,5.333333333333333,11.0,491.7395530215215,1.4,4.2,2.142857142857143,4.857142857142857,6.0,275.2791554785733
2023-12-03,Bournemouth,Aston Villa,2,2,D,1.8,6.4,0.8571428571428571,4.714285714285714,9.0,756.5483410029378,2.4,5.4,1.1428571428571428,4.857142857142857,12.0,197.73622252847304
2023-12-03,Chelsea,Brighton,3,2,H,2.2,5.6,1.4285714285714286,4.857142857142857,5.0,449.45246820503644,1.4,4.6,2.1666666666666665,4.833333333333333,6.0,986.1693324949347
2023-12-05,Wolves,Burnley,1,0,H,1.6,4.4,1.5,3.5,4.0,368.9989303821701,1.6,5.0,0.8333333333333334,3.0,3.0,652.9392250259306
2023-12-05,Luton,Arsenal,3,4,A,1.0,2.8,1.0,3.0,4.0,414.49456675878423,2.2,5.0,1.5,3.8333333333333335,12.0,512.9584149924464
2023-12-06,Brighton,Brentford,2,1,H,1.6,5.8,2.142857142857143,6.857142857142857,6.0,892.4795730587573,1.6,4.2,1.1666666666666667,4.333333333333333,9.0,358.4338232179675
2023-12-06,Crystal Palace,Bournemouth,0,2,A,1.4,4.0,1.0,4.166666666666667,4.0,697.7895630594887,2.0,7.0,1.3333333333333333,5.0,10.0,746.4444273398736
2023-12-06,Fulham,Nott'm Forest,5,0,H,1.6,4.8,1.1666666666666667,3.6666666666666665,4.0,472.8353390179294,1.2,3.2,0.8571428571428571,3.2857142857142856,3.0,381.32881214621176
2023-12-06,Sheffield United,Liverpool,0,2,A,0.8,1.6,1.0,3.142857142857143,4.0,684.3206908337636,2.4,7.8,1.5714285714285714,4.0,11.0,364.02969271699595
2023-12-06,Aston Villa,Man City,1,0,H,2.0,4.6,3.8333333333333335,6.666666666666667,10.0,283.4374786003232,3.4,7.4,2.2857142857142856,8.714285714285714,9.0,332.1130123092321
2023-12-06,Man United,Chelsea,2,1,H,1.0,3.4,1.1428571428571428,5.0,9.0,506.80241910148493,2.4,5.6,2.0,5.166666666666667,7.0,517.1211874224427
2023-12-07,Everton,Newcastle,3,0,H,1.2,4.2,0.7142857142857143,5.714285714285714,10.0,816.1457848164346,1.6,4.2,2.1666666666666665,5.166666666666667,10.0,918.4575560827504
2023-12-07,Tottenham,West Ham,1,2,A,1.6,4.0,1.6666666666666667,7.0,4.0,408.2021885465441,1.6,3.2,1.7142857142857142,3.142857142857143,7.0,490.327239830527
2023-12-09,Wolves,Nott'm Forest,1,1,D,1.4,4.0,1.4285714285714286,3.5714285714285716,6.0,351.9645495324411,1.2,3.2,0.75,3.0,3.0,406.71149657329
2023-12-09,Sheffield United,Brentford,1,0,H,0.8,1.8,0.875,2.875,4.0,588.9133841701715,1.4,3.6,1.1428571428571428,4.0,6.0,398.52531057304145
2023-12-09,Aston Villa,Arsenal,1,0,H,1.6,4.8,3.4285714285714284,6.714285714285714,10.0,406.0267637416084,2.0,5.2,1.8571428571428572,4.571428571428571,12.0,533.3759244240623
2023-12-09,Brighton,Burnley,1,1,D,1.8,5.8,2.125,6.875,8.0,733.5093265862288,1.4,5.0,0.7142857142857143,3.0,3.0,650.7489878139241
2023-12-09,Crystal Palace,Liverpool,1,2,A,1.2,4.0,0.8571428571428571,4.0,4.0,452.7243773659358,2.2,7.8,1.625,4.5,11.0,425.5637452623151
2023-12-09,Man United,Bournemouth,0,3,A,1.4,4.6,1.25,5.5,12.0,580.3463939909047,2.0,6.6,1.4285714285714286,4.857142857142857,10.0,835.2625337672895
2023-12-10,Tottenham,Newcastle,4,1,H,1.4,5.2,1.5714285714285714,7.0,1.0,551.7007410514656,1.2,3.8,1.8571428571428572,4.857142857142857,9.0,871.6267930507016
2023-12-10,Luton,Man City,1,2,A,1.4,3.4,1.2857142857142858,3.142857142857143,4.0,399.0170505581157,2.8,5.8,2.0,7.875,6.0,396.6868202195783
2023-12-10,Everton,Chelsea,2,0,H,1.6,4.6,1.0,5.75,10.0,719.4271799840285,2.6,5.8,1.8571428571428572,4.857142857142857,7.0,680.0670048725146
2023-12-10,Fulham,West Ham,5,0,H,2.4,5.0,1.7142857142857142,4.0,6.0,599.1656507834413,2.0,3.8,1.75,3.375,10.0,391.3990451028179
2023-12-15,Nott'm Forest,Tottenham,0,2,A,1.0,3.0,1.4285714285714286,3.857142857142857,1.0,435.6670916651236,2.0,6.6,2.25,4.75,4.0,537.4439171938368
2023-12-16,Chelsea,Sheffield United,2,0,H,1.8,5.0,1.625,4.875,4.0,697.8765308561549,0.6,2.2,0.5714285714285714,2.2857142857142856,4.0,451.00117480088
2023-12-16,Man City,Crystal Palace,2,2,D,2.0,5.4,2.857142857142857,5.142857142857143,6.0,467.89677110507296,1.0,4.2,1.0,4.25,1.0,264.6403347691487
2023-12-16,Burnley,Everton,0,2,A,1.6,4.6,1.25,3.875,4.0,587.1434078631507,1.8,4.8,1.4285714285714286,3.7142857142857144,12.0,538.7827854201853
2023-12-16,Newcastle,Fulham,3,0,H,1.2,4.0,2.375,6.125,6.0,881.3636969134593,3.4,6.0,1.125,4.0,9.0,556.3986604301533
2023-12-17,Arsenal,Brighton,2,0,H,2.0,6.0,2.5,6.375,12.0,364.1016772522711,1.8,7.6,2.142857142857143,5.428571428571429,8.0,517.6432940729433
2023-12-17,Brentford,Aston Villa,1,2,A,0.8,3.6,1.875,4.875,3.0,577.2844636226919,1.8,4.8,1.25,4.625,13.0,362.71592731458463
2023-12-17,West Ham,Wolves,3,0,H,1.6,4.4,1.7142857142857142,4.571428571428571,10.0,390.39458604603533,1.4,4.2,1.25,4.25,7.0,291.49265390309176
2023-12-17,Liverpool,Man United,0,0,D,2.4,7.0,3.0,8.142857142857142,13.0,423.27787892033683,1.2,4.2,1.1428571428571428,3.857142857142857,9.0,417.69724589364114
2023-12-21,Crystal Palace,Brighton,1,1,D,1.0,3.8,0.875,4.0,2.0,245.90321482476222,1.6,6.6,1.875,4.875,7.0,349.67610541776736
2023-12-22,Aston Villa,Sheffield United,1,1,D,1.6,4.6,3.125,6.25,13.0,417.1924597635231,0.4,2.2,0.5,2.125,3.0,409.1876334248716
2023-12-23,Liverpool,Arsenal,1,1,D,1.8,6.6,2.625,8.125,11.0,458.20979303389936,1.8,6.6,1.625,4.625,12.0,219.8711438885941
2023-12-23,Nott'm Forest,Bournemouth,2,3,A,0.6,2.2,1.25,3.5,1.0,376.1305383359783,2.4,7.2,1.625,4.75,13.0,815.0198793359192
2023-12-23,Tottenham,Everton,2,1,H,2.2,7.4,1.875,7.625,7.0,529.1781412475257,1.6,5.2,1.5,4.0,12.0,391.4486814437335
2023-12-23,Luton,Newcastle,1,0,H,1.4,2.8,1.25,3.0,3.0,323.82161667876215,1.8,5.0,1.75,4.625,9.0,829.8545693897265
2023-12-23,West Ham,Man United,2,0,H,1.6,4.0,1.875,4.5,10.0,388.1048034959478,1.0,3.6,1.0,3.5,7.0,282.688265363613
2023-12-23,Fulham,Burnley,0,2,A,3.2,5.8,2.125,4.5,9.0,704.539966059676,1.4,4.0,0.75,3.0,4.0,630.6007072463553
2023-12-24,Wolves,Chelsea,2,1,H,1.0,4.0,1.375,3.625,4.0,346.5291931058747,1.4,4.4,1.625,4.75,6.0,866.5425047322838
2023-12-26,Newcastle,Nott'm Forest,1,3,A,1.0,4.4,2.4444444444444446,6.555555555555555,6.0,755.9045338091594,0.6,2.2,0.7777777777777778,2.888888888888889,1.0,268.4043778734394
2023-12-26,Bournemouth,Fulham,3,0,H,2.6,6.6,1.0,5.0,13.0,684.5853716043105,2.6,5.6,1.0,4.0,6.0,852.6812716891986
2023-12-26,Sheffield United,Luton,2,3,A,0.4,2.2,0.8888888888888888,3.0,4.0,327.3404797952847,1.6,3.0,0.875,2.25,6.0,189.7441285657364
2023-12-26,Burnley,Liverpool,0,2,A,1.6,3.4,1.1111111111111112,3.6666666666666665,7.0,633.1899905690748,1.8,6.6,1.6666666666666667,4.222222222222222,11.0,426.71872096836785
2023-12-26,Man United,Aston Villa,3,2,H,0.4,3.4,1.1111111111111112,5.222222222222222,4.0,434.9488024904166,1.4,4.4,1.3333333333333333,4.666666666666667,11.0,415.60688222963637
2023-12-27,Brentford,Wolves,1,4,A,1.0,3.6,1.7777777777777777,4.666666666666667,3.0,541.3891060899239,1.0,4.0,1.1111111111111112,4.111111111111111,7.0,350.1437872356065
2023-12-27,Chelsea,Crystal Palace,2,1,H,1.4,4.6,1.6666666666666667,5.0,6.0,730.5191893281078,1.0,2.8,1.1111111111111112,4.0,3.0,378.5781269018818
2023-12-27,Everton,Man City,1,3,A,1.8,5.6,1.1111111111111112,5.666666666666667,12.0,381.4465594844132,1.6,5.2,2.0,7.666666666666667,6.0,438.86389568446845
2023-12-28,Brighton,Tottenham,4,2,H,1.2,6.8,2.0,7.333333333333333,5.0,210.1878911779899,2.4,7.0,2.2222222222222223,4.888888888888889,10.0,520.9123653012147
2023-12-28,Arsenal,West Ham,0,2,A,1.8,6.2,2.4444444444444446,6.666666666666667,10.0,387.5561910872324,1.6,4.4,1.5555555555555556,3.5555555555555554,10.0,207.07688670879094
2023-12-30,Nott'm Forest,Man United,2,1,H,1.2,3.0,1.3333333333333333,3.6666666666666665,4.0,410.4567270944327,1.0,4.6,0.8888888888888888,3.4444444444444446,7.0,479.47990337808125
2023-12-30,Man City,Sheffield United,2,0,H,2.0,6.0,2.75,5.625,8.0,308.45165593409945,0.8,2.8,0.5555555555555556,2.111111111111111,4.0,346.78164411487376
2023-12-30,Wolves,Everton,3,0,H,1.6,4.4,1.4444444444444444,3.888888888888889,10.0,451.85909125419505,1.8,5.4,1.4444444444444444,4.444444444444445,9.0,473.91684867449334
2023-12-30,Aston Villa,Burnley,3,2,H,1.4,4.6,2.888888888888889,6.0,10.0,386.2079167209654,0.6,2.0,0.8888888888888888,2.888888888888889,4.0,813.8772098346782
2023-12-30,Luton,Chelsea,2,3,A,1.8,3.2,1.2222222222222223,3.2222222222222223,6.0,167.2413995504953,1.2,4.4,1.5555555555555556,4.777777777777778,6.0,594.4958739239321
2023-12-30,Crystal Palace,Brentford,3,1,H,1.0,3.4,0.8888888888888888,3.888888888888889,2.0,356.1733578755193,1.2,3.8,1.0,4.0,3.0,366.4087261260304
2023-12-31,Fulham,Arsenal,2,1,H,2.0,5.2,1.8888888888888888,4.555555555555555,6.0,761.8086713909191,1.4,6.6,1.5555555555555556,4.333333333333333,7.0,555.2412382858706
2023-12-31,Tottenham,Bournemouth,3,1,H,2.2,6.8,1.8888888888888888,7.444444444444445,9.0,414.46636093897075,2.6,5.2,1.7777777777777777,5.0,13.0,657.1250140201928
2024-01-01,Liverpool,Newcastle,4,2,H,1.4,6.2,2.4444444444444446,7.555555555555555,11.0,434.08748991609724,1.0,5.0,1.5555555555555556,4.333333333333333,3.0,975.0795176258083
2024-01-02,West Ham,Brighton,0,0,D,1.8,4.4,1.8888888888888888,4.555555555555555,12.0,30.163457059720752,1.6,6.8,1.7777777777777777,5.0,8.0,138.90457504122946
2024-01-12,Burnley,Luton,1,1,D,1.0,2.4,1.0,3.3,4.0,820.5337231406521,2.0,4.2,1.1111111111111112,2.4444444444444446,6.0,250.9828384219247
2024-01-13,Newcastle,Man City,2,3,A,1.4,5.0,2.3,6.6,3.0,975.4717436278336,1.8,6.0,2.1,7.8,10.0,340.11043934448765
2024-01-13,Chelsea,Fulham,1,0,H,1.6,5.4,1.7,4.9,9.0,461.1731010864059,1.4,4.8,0.9,3.9,6.0,670.9360710926396
2024-01-14,Everton,Aston Villa,0,0,D,1.2,4.2,1.1,5.3,6.0,458.69537709865995,1.8,4.6,1.4,4.6,10.0,331.66252540743574
2024-01-14,Man United,Tottenham,2,2,D,0.8,3.8,1.3,5.4,4.0,431.58346816145365,2.6,6.6,2.2,4.7,12.0,308.02035657672684
2024-01-20,Arsenal,Crystal Palace,5,0,H,0.8,5.4,2.2,6.8,4.0,536.011681078653,1.6,4.0,1.1,4.1,5.0,353.37054912690684
2024-01-20,Brentford,Nott'm Forest,3,2,H,0.8,3.4,1.7,4.6,0.0,377.2303615611429,1.6,3.2,1.0,3.2,7.0,444.1881462777809
2024-01-21,Sheffield United,West Ham,2,2,D,0.8,3.0,1.0,3.3,4.0,335.3206604710319,1.4,3.8,1.6,3.5,10.0,29.25256329138154
2024-01-21,Bournemouth,Liverpool,0,4,A,2.4,4.6,1.2222222222222223,4.888888888888889,12.0,571.8303933634913,1.8,7.6,1.7,4.8,11.0,411.413278384039
2024-01-22,Brighton,Wolves,0,0,D,1.2,7.0,2.2,7.5,6.0,142.69317371740004,2.0,4.8,1.4,4.2,10.0,449.18338751357686
2024-01-30,Aston Villa,Newcastle,1,3,A,1.6,5.0,2.9,6.1,8.0,410.0890242323988,1.6,5.4,1.6,4.2,3.0,919.2963027350524
2024-01-30,Crystal Palace,Sheffield United,3,2,H,1.4,4.2,1.1,4.1,5.0,364.2354696301762,1.0,3.4,0.5,2.1,2.0,366.3645795328895
2024-01-30,Nott'm Forest,Arsenal,1,2,A,1.8,3.4,1.4,3.5,6.0,438.6114759968332,1.8,5.6,1.5,4.2,7.0,468.184202105367
2024-01-30,Fulham,Everton,0,0,D,0.4,4.0,1.9,4.5,3.0,672.3382314634101,0.8,3.6,1.3,4.0,4.0,526.8442788396635
2024-01-30,Luton,Brighton,4,0,H,1.6,4.4,1.3,3.5,7.0,374.6717818821303,1.0,5.6,1.6,5.3,6.0,189.55359228370057
2024-01-31,Man City,Burnley,3,1,H,2.4,7.8,2.6666666666666665,5.444444444444445,13.0,377.28773241777753,1.0,3.2,1.0,3.1,4.0,762.0663844127885
2024-01-31,Tottenham,Brentford,3,2,H,2.2,5.4,2.0,7.3,10.0,466.86953263647433,1.2,4.0,1.0,4.0,3.0,343.72397799609126
2024-01-31,Liverpool,Chelsea,4,1,H,2.2,8.6,2.6,8.3,11.0,455.42344417112105,1.8,5.2,1.7,5.1,12.0,462.9677046765122
2024-02-01,West Ham,Bournemouth,1,1,D,1.8,3.8,1.7,4.3,11.0,158.68384009479806,2.0,4.0,1.7,4.9,9.0,580.455146272502
2024-02-01,Wolves,Man United,3,4,A,1.8,4.6,1.6,4.1,10.0,597.2190815191873,1.2,3.6,0.9,3.6,5.0,491.63369410665376
2024-02-03,Sheffield United,Aston Villa,0,5,A,1.4,4.2,1.0909090909090908,3.5454545454545454,2.0,373.4203441651457,1.4,5.2,1.2727272727272727,4.636363636363637,5.0,390.72815418139953
2024-02-03,Burnley,Fulham,2,2,D,1.2,3.4,1.0,3.6363636363636362,4.0,561.6744229172515,0.4,4.4,0.8181818181818182,3.909090909090909,4.0,425.03943975539937
2024-02-03,Newcastle,Luton,4,4,D,1.6,4.4,2.272727272727273,6.454545454545454,3.0,848.432028297113,2.2,5.6,1.1,2.7,10.0,526.1940455686912
2024-02-03,Everton,Tottenham,2,2,D,0.4,3.2,1.0,5.0,2.0,666.3636285785765,2.4,5.2,2.1818181818181817,4.818181818181818,10.0,523.0179024081647
2024-02-03,Brighton,Crystal Palace,4,1,H,1.0,5.8,2.0,7.181818181818182,6.0,213.81225666829562,1.6,4.6,1.0,4.181818181818182,7.0,205.7534674810449
2024-02-04,Bournemouth,Nott'm Forest,1,1,D,1.6,4.0,1.1,4.5,7.0,506.7427592550724,2.0,3.8,1.0909090909090908,3.1818181818181817,6.0,496.7390392848923
2024-02-04,Chelsea,Wolves,2,4,A,1.6,4.6,1.6363636363636365,4.7272727272727275,9.0,462.40257443443807,2.4,5.4,1.2727272727272727,4.090909090909091,10.0,629.7463406926652
2024-02-04,Man United,West Ham,3,0,H,2.0,5.0,1.3636363636363635,5.090909090909091,7.0,524.6624012752425,1.4,3.6,1.6363636363636365,3.6363636363636362,9.0,289.40044039151945
2024-02-04,Arsenal,Liverpool,3,1,H,1.8,4.4,2.4545454545454546,6.7272727272727275,7.0,472.99072797788784,3.0,9.6,1.9090909090909092,5.0,13.0,462.2158295026625
2024-02-05,Brentford,Man City,1,3,A,1.6,4.2,1.8181818181818181,4.636363636363637,3.0,173.07792211215934,2.6,7.4,2.1818181818181817,8.090909090909092,13.0,407.82888251591885
2024-02-10,Wolves,Brentford,0,2,A,2.8,5.6,1.7272727272727273,4.363636363636363,10.0,626.7562691287792,1.6,4.2,1.1,4.1,3.0,46.342528491842295
2024-02-10,Nott'm Forest,Newcastle,2,3,A,1.8,4.0,1.3636363636363635,3.4545454545454546,7.0,652.0161616939026,2.4,5.2,1.7272727272727273,4.2727272727272725,4.0,800.008661916008
2024-02-10,Tottenham,Brighton,2,1,H,2.4,5.2,2.090909090909091,7.090909090909091,8.0,596.1577586270246,1.6,5.8,1.4545454545454546,5.0,8.0,275.104844407731
2024-02-10,Fulham,Bournemouth,3,1,H,0.8,4.8,1.7272727272727273,4.636363636363637,5.0,357.0257069422215,1.2,3.0,1.6363636363636365,4.818181818181818,5.0,543.2222255378813
2024-02-10,Liverpool,Burnley,3,1,H,3.0,9.2,2.727272727272727,8.727272727272727,12.0,638.8204018055445,1.2,3.8,1.0,3.090909090909091,2.0,402.1504774821996
2024-02-10,Luton,Sheffield United,1,3,A,2.8,6.2,1.5454545454545454,3.909090909090909,8.0,745.3690293853401,1.2,4.8,0.6363636363636364,2.3636363636363638,1.0,420.5097210509805
2024-02-10,Man City,Everton,2,0,H,2.8,8.6,2.7,5.3,15.0,434.22208903633805,0.6,2.6,1.1818181818181819,4.0,3.0,668.5509963003578
2024-02-11,West Ham,Arsenal,0,6,A,1.0,3.2,1.6363636363636365,4.181818181818182,6.0,453.20453689129454,2.2,5.4,1.5454545454545454,4.090909090909091,9.0,401.4318292349944
2024-02-11,Aston Villa,Man United,1,2,A,2.2,6.4,2.727272727272727,6.090909090909091,7.0,354.8868523307258,2.6,5.4,1.1818181818181819,4.0,10.0,405.2422978618236
2024-02-12,Crystal Palace,Chelsea,1,3,A,1.6,5.0,1.2727272727272727,4.090909090909091,6.0,73.47553561836466,1.8,4.8,1.6363636363636365,4.909090909090909,9.0,528.0039698390457
2024-02-17,Man City,Chelsea,1,1,D,2.6,7.4,2.6363636363636362,5.090909090909091,15.0,561.9946598865218,2.0,5.0,1.75,4.916666666666667,9.0,422.82395848185206
2024-02-17,Brentford,Liverpool,1,4,A,1.8,4.6,1.75,4.5,6.0,155.42578741649842,3.2,9.2,1.8333333333333333,4.666666666666667,12.0,776.5651330951657
2024-02-17,Burnley,Arsenal,0,5,A,1.4,4.6,1.0833333333333333,3.6666666666666665,2.0,260.3230992298571,3.4,6.2,1.9166666666666667,4.75,12.0,228.9417440701991
2024-02-17,Fulham,Aston Villa,1,2,A,1.4,5.4,1.8333333333333333,4.75,8.0,450.94584274028625,2.0,7.6,1.5833333333333333,5.083333333333333,7.0,348.7890255282587
2024-02-17,Newcastle,Bournemouth,2,2,D,2.8,4.8,2.4166666666666665,6.416666666666667,7.0,722.8860273203525,0.8,3.0,1.5833333333333333,4.75,2.0,474.71218659640954
2024-02-17,Nott'm Forest,West Ham,2,0,H,1.6,3.4,1.4166666666666667,3.4166666666666665,4.0,665.2409348819197,0.6,2.8,1.5,3.5833333333333335,3.0,612.894146252983
2024-02-17,Tottenham,Wolves,1,2,A,2.4,5.8,2.0833333333333335,7.0,11.0,720.6890491336353,2.0,5.6,1.5,4.333333333333333,7.0,630.1913734723692
2024-02-18,Luton,Man United,1,2,A,2.4,6.4,1.5,4.0,5.0,852.9692541042043,2.4,5.0,1.25,4.083333333333333,10.0,309.4820951898041
2024-02-18,Sheffield United,Brighton,0,5,A,1.4,4.2,1.0,3.6666666666666665,4.0,470.13841312347665,1.0,4.6,1.4166666666666667,4.833333333333333,5.0,289.34522561831676
2024-02-19,Everton,Crystal Palace,1,1,D,0.4,2.4,1.0833333333333333,5.0,3.0,524.369117203829,1.6,4.8,1.0,4.25,6.0,103.20617449703242
2024-02-20,Man City,Brentford,1,0,H,2.4,7.6,2.5,5.083333333333333,13.0,530.3358764761336,1.8,5.0,1.1818181818181819,4.2727272727272725,6.0,253.68741090604203
2024-02-21,Liverpool,Luton,4,1,H,3.2,7.8,2.75,8.833333333333334,12.0,912.6856720457985,2.2,6.0,1.3636363636363635,3.1818181818181817,5.0,741.3944950064196
2024-02-24,Aston Villa,Nott'm Forest,4,2,H,1.8,6.8,2.5833333333333335,6.416666666666667,7.0,381.30477814976166,1.6,4.6,1.0833333333333333,3.4166666666666665,4.0,523.1885856609263
2024-02-24,Brighton,Everton,1,1,D,2.0,5.0,2.1666666666666665,7.083333333333333,7.0,378.0451748224241,0.6,3.2,1.0833333333333333,3.75,4.0,487.8789988732136
2024-02-24,Crystal Palace,Burnley,3,0,H,1.2,4.4,1.25,4.083333333333333,4.0,281.8888419792354,1.0,3.6,1.0,3.1666666666666665,2.0,209.61458496537134
2024-02-24,Man United,Fulham,1,2,A,2.6,5.8,1.5,5.083333333333333,13.0,324.62730312395763,1.2,5.4,0.9166666666666666,4.166666666666667,5.0,364.17875927274764
2024-02-24,Bournemouth,Man City,0,1,A,1.0,3.6,1.0909090909090908,4.2727272727272725,3.0,625.9702793387642,2.0,7.6,2.25,8.666666666666666,13.0,424.59929249863876
2024-02-24,Arsenal,Newcastle,4,1,H,4.2,7.0,2.5,6.75,15.0,402.6017059512884,2.8,5.2,1.8333333333333333,4.333333333333333,8.0,745.2731549272102
2024-02-25,Wolves,Sheffield United,1,0,H,1.8,5.8,1.5833333333333333,4.416666666666667,7.0,632.0746967820813,1.4,4.0,0.8333333333333334,2.4166666666666665,4.0,550.6692531594038
2024-02-26,West Ham,Brentford,4,2,H,0.6,3.0,1.5,3.9166666666666665,2.0,716.5058195774352,1.2,4.4,1.0833333333333333,4.083333333333333,3.0,402.29712973150146
2024-03-02,Luton,Aston Villa,2,3,A,2.2,5.6,1.4615384615384615,4.0,4.0,740.3960056128252,2.6,7.0,1.6153846153846154,4.923076923076923,9.0,403.43792577405713
2024-03-02,Nott'm Forest,Liverpool,0,1,A,1.6,4.6,1.4615384615384615,3.769230769230769,4.0,460.1822516664972,3.2,9.0,2.0,4.923076923076923,12.0,895.4179782716217
2024-03-02,Newcastle,Wolves,3,0,H,2.6,4.6,2.3846153846153846,6.3076923076923075,8.0,870.0776143642191,2.0,5.6,1.5384615384615385,4.538461538461538,9.0,595.0055850108392
2024-03-02,Tottenham,Crystal Palace,3,1,H,2.0,5.4,2.0,6.769230769230769,8.0,669.379677133329,1.8,4.6,1.0,4.230769230769231,7.0,457.0449408692217
2024-03-02,Everton,West Ham,1,3,A,0.8,3.4,1.0769230769230769,4.923076923076923,4.0,635.5961296454956,1.0,3.2,1.3846153846153846,3.5384615384615383,4.0,683.6462469823011
2024-03-02,Brentford,Chelsea,2,2,D,1.2,5.0,1.6923076923076923,4.615384615384615,3.0,552.6763957897454,1.6,4.6,1.6923076923076923,5.0,7.0,562.547836521707
2024-03-02,Fulham,Brighton,3,0,H,1.6,5.6,1.7692307692307692,4.6923076923076925,8.0,525.4257469992408,2.2,5.6,1.6923076923076923,5.230769230769231,7.0,514.1804409508642
2024-03-03,Burnley,Bournemouth,0,2,A,0.8,2.2,1.0,3.3846153846153846,1.0,308.13027228441194,1.0,4.2,1.6153846153846154,4.923076923076923,3.0,821.6524393995535
2024-03-03,Man City,Man United,3,1,H,1.6,8.0,2.3846153846153846,5.538461538461538,13.0,509.34744219795266,2.4,7.2,1.3076923076923077,4.461538461538462,12.0,398.65456529178334
2024-03-04,Sheffield United,Arsenal,0,6,A,1.0,3.6,0.9230769230769231,3.4615384615384617,3.0,580.0972297268954,4.0,7.4,2.1538461538461537,4.923076923076923,15.0,573.3316869881047
2024-03-09,Arsenal,Brentford,2,1,H,4.8,8.8,2.6153846153846154,6.846153846153846,15.0,606.1982227974077,1.4,5.4,1.1538461538461537,4.384615384615385,4.0,552.4856822899758
2024-03-09,Wolves,Fulham,2,1,H,1.4,4.8,1.5384615384615385,4.230769230769231,9.0,613.0736496493882,2.2,5.4,1.0,4.230769230769231,10.0,686.6727347257338
2024-03-09,Crystal Palace,Luton,1,1,D,1.4,4.0,1.3846153846153846,4.230769230769231,4.0,460.43684422358115,1.8,5.0,1.3333333333333333,3.1666666666666665,1.0,739.3975162192309
2024-03-09,Man United,Everton,2,0,H,1.8,5.8,1.4615384615384615,5.384615384615385,9.0,341.97117354981793,1.0,4.8,1.0769230769230769,3.6923076923076925,3.0,673.2558970030643
2024-03-09,Bournemouth,Sheffield United,2,2,D,1.2,4.0,1.0,4.25,5.0,936.7640211279283,0.6,2.6,0.7692307692307693,2.5384615384615383,3.0,492.33121740525644
2024-03-10,Aston Villa,Tottenham,0,4,A,3.0,7.4,2.6923076923076925,6.384615384615385,12.0,400.2068608284477,2.2,5.4,2.1666666666666665,4.916666666666667,10.0,510.5305010735815
2024-03-10,Brighton,Nott'm Forest,1,0,H,2.2,6.2,2.076923076923077,7.076923076923077,7.0,484.7899230614473,1.4,4.4,1.1538461538461537,3.3846153846153846,4.0,397.1759176720683
2024-03-10,West Ham,Burnley,2,2,D,1.4,3.6,1.6923076923076923,4.076923076923077,6.0,723.7049084884713,0.6,2.8,0.9230769230769231,2.923076923076923,1.0,475.05104105064754
2024-03-10,Liverpool,Man City,1,1,D,2.6,6.8,2.8461538461538463,9.153846153846153,12.0,786.1081501441182,1.6,6.6,2.1538461538461537,8.461538461538462,13.0,540.4008216141897
2024-03-11,Chelsea,Newcastle,3,2,H,1.8,5.2,1.6666666666666667,4.833333333333333,5.0,692.3561461697332,2.6,5.0,1.7692307692307692,4.153846153846154,8.0,943.7956779798201
2024-03-13,Bournemouth,Luton,4,3,H,1.4,6.0,1.0769230769230769,4.846153846153846,5.0,1051.8756028563032,1.2,3.8,1.3076923076923077,3.076923076923077,1.0,556.8945429778631
2024-03-16,Fulham,Tottenham,3,0,H,2.0,5.2,1.8571428571428572,4.714285714285714,9.0,617.879356162531,2.4,5.4,2.3076923076923075,4.923076923076923,10.0,451.054271423683
2024-03-16,Luton,Nott'm Forest,1,1,D,1.6,3.6,1.5,4.071428571428571,1.0,426.53766558863026,1.2,4.0,1.0714285714285714,3.4285714285714284,3.0,392.25193000610477
2024-03-16,Burnley,Brentford,2,1,H,0.6,2.8,0.9285714285714286,3.5714285714285716,1.0,634.9156840072529,1.2,5.0,1.1428571428571428,4.357142857142857,1.0,452.3219484695635
2024-03-17,West Ham,Aston Villa,1,1,D,1.8,3.8,1.7142857142857142,4.071428571428571,7.0,740.5452065525395,2.0,5.6,1.7142857142857142,5.142857142857143,9.0,413.4562276825127
2024-03-30,Brentford,Man United,1,1,D,1.2,4.8,1.7142857142857142,4.642857142857143,1.0,521.3366254877913,1.6,6.4,1.2857142857142858,4.214285714285714,9.0,285.2877818078526
2024-03-30,Tottenham,Luton,2,1,H,2.0,5.2,2.0714285714285716,6.714285714285714,9.0,375.77325536602456,1.6,3.6,1.4285714285714286,3.142857142857143,2.0,526.4582532197235
2024-03-30,Sheffield United,Fulham,3,3,D,1.0,3.4,0.8571428571428571,3.2142857142857144,4.0,526.830789447396,2.0,5.4,1.0,4.357142857142857,9.0,549.0859775993282
2024-03-30,Aston Villa,Wolves,2,0,H,2.0,4.6,2.5,6.0,10.0,455.4637362913591,1.0,4.0,1.4285714285714286,4.428571428571429,9.0,666.6590450253012
2024-03-30,Chelsea,Burnley,2,2,D,2.2,6.2,1.7692307692307692,5.076923076923077,8.0,518.4729191419694,0.8,3.2,1.0,3.0,4.0,777.083759781149
2024-03-30,Bournemouth,Everton,2,1,H,2.0,7.2,1.2857142857142858,5.214285714285714,8.0,965.1085193887645,0.6,5.0,1.0,3.857142857142857,2.0,522.878072869787
2024-03-30,Newcastle,West Ham,4,3,H,2.2,4.4,2.4285714285714284,6.357142857142857,7.0,1021.5857392166985,2.0,4.6,1.5,3.642857142857143,8.0,576.7411100527644
2024-03-30,Nott'm Forest,Crystal Palace,1,1,D,1.0,4.6,1.3571428571428572,3.642857142857143,4.0,309.13231583979916,1.4,3.8,1.0,4.0,5.0,437.62467729148943
2024-03-31,Liverpool,Brighton,2,1,H,2.6,7.8,2.7142857142857144,8.928571428571429,13.0,692.4418234518031,1.6,5.6,1.5714285714285714,5.214285714285714,7.0,455.39940517203047
2024-03-31,Man City,Arsenal,0,0,D,1.4,7.2,2.4285714285714284,5.714285714285714,11.0,412.4605394191491,4.6,8.6,2.4285714285714284,5.285714285714286,15.0,639.0647586067105
2024-04-02,West Ham,Tottenham,1,1,D,2.6,4.8,1.6666666666666667,4.133333333333334,8.0,715.5717803324712,2.0,4.8,2.142857142857143,4.928571428571429,9.0,211.08704911336403
2024-04-02,Newcastle,Everton,1,1,D,2.4,5.2,2.533333333333333,6.533333333333333,7.0,1128.0750686681272,0.8,5.4,1.0,3.8,2.0,680.6794213613053
2024-04-02,Nott'm Forest,Fulham,3,1,H,0.8,4.0,1.3333333333333333,3.7333333333333334,2.0,387.8669883155479,2.4,6.4,1.1333333333333333,4.666666666666667,10.0,690.2169510973324
2024-04-02,Bournemouth,Crystal Palace,1,0,H,2.0,6.6,1.3333333333333333,5.133333333333334,10.0,716.4075673099835,1.4,3.6,1.0,3.933333333333333,6.0,515.9428532118366
2024-04-02,Burnley,Wolves,1,1,D,1.2,4.6,1.0,3.7333333333333334,5.0,919.096878222904,1.0,3.6,1.3333333333333333,4.333333333333333,9.0,565.8822850216314
2024-04-03,Man City,Aston Villa,4,1,H,1.2,6.4,2.2666666666666666,5.4,11.0,443.95161148468054,2.0,5.0,1.6666666666666667,5.133333333333334,10.0,458.85766547623547
2024-04-03,Arsenal,Luton,2,0,H,3.4,6.6,2.5714285714285716,6.785714285714286,13.0,794.5768121809132,1.6,3.6,1.4,3.1333333333333333,2.0,400.7668222213362
2024-04-03,Brentford,Brighton,0,0,D,1.4,5.4,1.6666666666666667,4.666666666666667,2.0,540.3284641216364,1.6,5.6,1.5333333333333334,5.066666666666666,7.0,619.3724473887584
2024-04-04,Liverpool,Sheffield United,3,1,H,2.4,7.4,2.6666666666666665,8.866666666666667,13.0,515.837251148921,1.0,3.6,0.8571428571428571,3.0,2.0,597.9935103427392
2024-04-04,Chelsea,Man United,4,3,H,2.2,7.6,1.7857142857142858,5.642857142857143,9.0,340.3531604691156,1.4,6.4,1.2666666666666666,4.266666666666667,7.0,377.47066630847155
2024-04-06,Crystal Palace,Man City,2,4,A,1.2,3.2,1.3571428571428572,4.214285714285714,5.0,485.1989562275913,1.8,6.4,2.0714285714285716,8.285714285714286,11.0,443.9516114846806
2024-04-06,Aston Villa,Brentford,3,3,D,1.4,4.4,2.466666666666667,5.933333333333334,7.0,426.8573099311819,1.0,4.2,1.1333333333333333,4.4,3.0,377.599569252584
2024-04-06,Everton,Burnley,1,0,H,0.8,5.2,1.0714285714285714,5.357142857142857,2.0,942.145657348133,1.4,5.8,1.0666666666666667,3.2666666666666666,6.0,911.8857950811326
2024-04-06,Fulham,Newcastle,0,1,A,2.2,6.0,1.9333333333333333,4.866666666666666,7.0,560.4346846694121,2.2,5.4,1.7857142857142858,4.071428571428571,7.0,986.0227194471338
2024-04-06,Luton,Bournemouth,2,1,H,1.2,2.8,1.4666666666666666,4.066666666666666,2.0,254.10139840378943,2.2,7.0,1.6428571428571428,4.785714285714286,13.0,423.28254791276754
2024-04-06,Wolves,West Ham,1,2,A,0.8,2.6,1.5714285714285714,4.142857142857143,7.0,544.4840580650098,2.0,4.4,1.6,3.6666666666666665,6.0,854.4024506121781
2024-04-06,Brighton,Arsenal,0,3,A,0.6,4.8,2.0,6.785714285714286,5.0,658.7924595822441,2.8,6.0,2.2666666666666666,5.066666666666666,13.0,773.1754361060457
2024-04-07,Man United,Liverpool,2,2,D,1.6,5.6,1.5,5.571428571428571,4.0,306.51176407420814,2.2,7.6,1.9285714285714286,4.714285714285714,13.0,340.85687118502744
2024-04-07,Sheffield United,Chelsea,2,2,D,1.2,4.0,1.0,3.2666666666666666,2.0,547.9528037902736,2.4,8.6,1.7142857142857142,5.071428571428571,9.0,333.0148085580629
2024-04-07,Tottenham,Nott'm Forest,3,1,H,2.0,4.8,2.066666666666667,6.533333333333333,10.0,216.11243001978994,1.0,4.2,1.0666666666666667,3.6,5.0,344.55615188852414
2024-04-13,Nott'm Forest,Wolves,2,2,D,1.2,5.0,1.4375,3.75,5.0,403.94612174955756,0.8,3.6,1.3125,4.1875,4.0,516.4293178024144
2024-04-13,Bournemouth,Man United,2,2,D,2.0,6.6,1.3125,5.1875,10.0,311.5618615874769,1.8,4.8,1.375,4.3125,5.0,335.3800934112544
2024-04-13,Man City,Luton,5,1,H,2.4,6.8,2.375,5.75,11.0,422.81380046027243,1.4,4.2,1.3125,3.0,4.0,244.02689994179343
2024-04-13,Burnley,Brighton,1,1,D,1.4,4.8,1.0,3.875,6.0,762.4886679011495,0.4,3.8,1.4375,5.125,4.0,520.1247938876676
2024-04-13,Brentford,Sheffield United,2,0,H,1.2,3.8,1.5625,4.5,3.0,463.2280228175071,1.6,4.4,0.8666666666666667,3.0,3.0,549.0149607062433
2024-04-13,Newcastle,Tottenham,4,0,H,2.2,6.0,2.4375,6.5,10.0,990.2539904747701,2.0,5.0,2.066666666666667,4.866666666666666,10.0,221.13781092621585
2024-04-14,Liverpool,Crystal Palace,0,1,A,1.8,6.4,2.6875,8.875,11.0,193.51665878836934,1.0,2.8,0.9375,3.8125,2.0,387.99604326175154
2024-04-14,West Ham,Fulham,0,2,A,1.8,4.2,1.625,4.125,6.0,789.2664908804671,1.6,5.8,1.125,4.5625,4.0,506.10646660979387
2024-04-14,Arsenal,Aston Villa,0,2,A,2.6,5.8,2.533333333333333,6.6,13.0,642.9763440212715,1.4,3.4,1.625,5.0,5.0,420.22116695603324
2024-04-15,Chelsea,Everton,6,0,H,2.6,8.0,1.9333333333333333,5.933333333333334,9.0,304.85002922439423,0.8,5.2,1.0,3.75,4.0,845.5526204469579
2024-04-20,Luton,Brentford,1,5,A,1.0,3.8,1.5,4.375,4.0,288.24694125453016,1.4,4.0,1.25,4.3125,6.0,552.0958665892256
2024-04-20,Sheffield United,Burnley,1,4,A,1.6,4.8,1.0625,3.4375,3.0,627.6280875080197,1.2,4.6,1.0,3.125,6.0,620.1476665307965
2024-04-20,Wolves,Arsenal,0,2,A,1.2,3.8,1.5333333333333334,4.333333333333333,5.0,398.51516629164865,1.4,4.6,2.3125,5.1875,10.0,552.9629785100897
2024-04-21,Everton,Nott'm Forest,2,0,H,0.6,3.4,1.0666666666666667,5.2,4.0,808.3714768486004,1.6,6.0,1.0625,3.75,6.0,356.2937932945679
2024-04-21,Aston Villa,Bournemouth,3,1,H,1.8,3.6,2.5,5.75,8.0,445.26488076414745,2.0,5.2,1.6,4.533333333333333,10.0,199.84117526218634
2024-04-21,Crystal Palace,West Ham,5,2,H,1.0,3.6,1.4,4.2,5.0,559.1949078106518,1.4,4.2,1.625,3.6875,5.0,724.1305311487562
2024-04-21,Fulham,Liverpool,1,3,A,1.8,6.6,1.8125,4.8125,7.0,404.0817586683449,1.6,7.2,1.9333333333333333,4.866666666666666,8.0,138.2185807450378
2024-04-23,Arsenal,Chelsea,5,0,H,1.4,5.2,2.375,6.4375,10.0,526.8097318060725,3.4,8.8,1.7333333333333334,4.933333333333334,11.0,286.6008182825545
2024-04-24,Man United,Sheffield United,4,2,H,2.0,5.0,1.5333333333333334,5.533333333333333,6.0,520.8547423193021,1.4,5.2,0.8125,2.9375,2.0,583.9756299460174
2024-04-24,Everton,Liverpool,2,0,H,1.0,3.0,1.125,5.125,7.0,959.2279247410889,2.0,7.4,2.0,5.0,10.0,232.920018900289
2024-04-24,Wolves,Bournemouth,0,1,A,0.8,3.8,1.4375,4.25,2.0,280.6010147808829,1.4,4.4,1.5625,4.625,7.0,322.4304604034716
2024-04-24,Crystal Palace,Newcastle,2,0,H,1.8,4.2,1.625,4.375,7.0,730.3937723595519,2.4,5.6,1.7333333333333334,4.133333333333334,10.0,994.4852615024065
2024-04-25,Brighton,Man City,0,4,A,0.6,4.4,1.8666666666666667,6.466666666666667,5.0,698.9130388604683,2.8,7.8,2.2,8.266666666666667,11.0,401.6759894358644
2024-04-27,Everton,Brentford,1,0,H,1.2,3.6,1.1764705882352942,5.176470588235294,10.0,769.7677928391824,2.2,4.8,1.4705882352941178,4.588235294117647,9.0,401.83125087269707
2024-04-27,West Ham,Liverpool,2,2,D,1.6,3.4,1.5294117647058822,4.117647058823529,4.0,734.2716918084213,1.6,7.2,1.8823529411764706,5.117647058823529,7.0,411.12628405600583
2024-04-27,Fulham,Crystal Palace,1,1,D,1.4,6.2,1.7647058823529411,4.823529411764706,4.0,302.0570507268959,2.0,5.0,0.9411764705882353,3.8823529411764706,9.0,615.0066056494843
2024-04-27,Man United,Burnley,1,1,D,2.4,6.0,1.6875,6.0,6.0,706.3293912273498,1.6,5.2,1.1764705882352942,3.4705882352941178,6.0,481.6246524493391
2024-04-27,Newcastle,Sheffield United,5,1,H,2.0,5.4,2.5294117647058822,6.411764705882353,10.0,1001.1499291832025,1.2,5.2,0.8823529411764706,3.0,1.0,435.64083622529733
2024-04-27,Wolves,Luton,2,1,H,0.8,4.0,1.3529411764705883,4.235294117647059,2.0,268.8594115163065,1.0,3.6,1.2941176470588236,2.9411764705882355,3.0,321.36450136358974
2024-04-27,Aston Villa,Chelsea,2,2,D,2.2,3.4,2.5294117647058822,5.647058823529412,10.0,441.5504528174804,2.8,7.4,1.625,4.6875,8.0,288.5442893191336
2024-04-28,Bournemouth,Brighton,3,0,H,1.2,4.8,1.3529411764705883,5.176470588235294,7.0,334.17206366804805,0.4,4.4,1.411764705882353,5.294117647058823,2.0,877.7012838332688
2024-04-28,Tottenham,Arsenal,2,3,A,1.2,4.4,2.125,6.5625,7.0,363.3807563898499,2.4,6.8,2.2941176470588234,5.411764705882353,12.0,478.94215375905736
2024-04-28,Nott'm Forest,Man City,0,2,A,1.4,5.4,1.4705882352941178,4.0588235294117645,5.0,367.5066583687001,3.4,7.8,2.3125,8.125,13.0,572.2269837329912
2024-05-02,Chelsea,Tottenham,2,0,H,2.8,5.8,2.1875,6.1875,8.0,388.7834370066014,1.6,3.8,1.9375,4.6875,7.0,504.4370018140745
2024-05-03,Luton,Everton,1,1,D,1.0,4.2,1.4705882352941178,4.294117647058823,3.0,383.415914314063,1.2,3.2,0.9411764705882353,3.6470588235294117,12.0,476.6427734419666
2024-05-04,Sheffield United,Nott'm Forest,1,3,A,1.2,5.6,1.0588235294117647,3.8823529411764706,1.0,482.0534448418059,1.2,4.8,1.0,3.7058823529411766,4.0,372.1423592097882
2024-05-04,Burnley,Newcastle,1,4,A,1.4,5.2,1.0,3.823529411764706,6.0,335.1543792667311,2.2,5.0,1.625,4.0,10.0,1007.8145968639984
2024-05-04,Man City,Wolves,5,1,H,3.8,8.6,2.5294117647058822,6.176470588235294,15.0,691.0890464105066,1.0,4.6,1.3529411764705883,4.176470588235294,4.0,179.2910562385599
2024-05-04,Arsenal,Bournemouth,3,0,H,2.6,6.6,2.5294117647058822,6.647058823529412,12.0,323.1739635221878,1.6,4.8,1.5294117647058822,4.705882352941177,7.0,462.9654071830514
2024-05-04,Brentford,Fulham,0,0,D,2.0,4.6,1.588235294117647,4.529411764705882,8.0,374.4827568660558,1.0,4.8,1.1764705882352942,4.882352941176471,4.0,160.92607722889176
2024-05-05,Brighton,Aston Villa,1,0,H,0.2,4.0,1.75,6.25,2.0,739.4224770929549,2.2,3.2,1.6470588235294117,4.823529411764706,8.0,337.59687718334544
2024-05-05,Chelsea,West Ham,5,0,H,2.4,4.8,2.176470588235294,6.117647058823529,8.0,489.931968071755,1.4,4.2,1.6470588235294117,3.5294117647058822,5.0,497.8560217258407
2024-05-05,Liverpool,Tottenham,4,2,H,1.4,7.0,2.5294117647058822,8.705882352941176,5.0,591.7706786198491,1.2,3.6,1.8235294117647058,4.588235294117647,4.0,503.30146059861727
2024-05-06,Crystal Palace,Man United,4,0,H,2.2,5.4,1.6470588235294117,4.529411764705882,10.0,467.6305091129167,2.4,7.0,1.411764705882353,4.176470588235294,6.0,546.1026128989752
2024-05-11,Fulham,Man City,0,4,A,0.8,4.8,1.7222222222222223,4.666666666666667,5.0,131.1298003727345,4.0,8.8,2.2941176470588234,7.9411764705882355,15.0,749.0572641357464
2024-05-11,Bournemouth,Brentford,1,2,A,1.4,5.0,1.4444444444444444,5.222222222222222,7.0,457.0003309012716,2.0,4.8,1.3888888888888888,4.555555555555555,8.0,550.0313858252915
2024-05-11,Everton,Sheffield United,1,0,H,1.2,3.2,1.1666666666666667,4.944444444444445,10.0,508.44447671763214,1.0,5.4,0.8888888888888888,3.111111111111111,0.0,531.6047304785743
2024-05-11,Newcastle,Brighton,1,1,D,2.8,6.0,2.6666666666666665,6.444444444444445,12.0,1093.3797827305448,0.4,4.4,1.3333333333333333,5.055555555555555,4.0,641.4457046057815
2024-05-11,Tottenham,Burnley,2,1,H,1.4,4.0,2.1176470588235294,6.294117647058823,3.0,676.3958383650452,1.4,5.0,1.1666666666666667,3.6666666666666665,5.0,176.93289217029144
2024-05-11,West Ham,Luton,3,1,H,1.2,3.8,1.5555555555555556,4.333333333333333,4.0,259.77825337498166,1.2,5.0,1.2777777777777777,3.111111111111111,4.0,466.4413200836959
2024-05-11,Wolves,Crystal Palace,1,3,A,1.0,3.4,1.3888888888888888,4.277777777777778,4.0,158.12842009643958,2.6,6.6,0.9444444444444444,3.888888888888889,13.0,386.7134285579434
2024-05-11,Nott'm Forest,Chelsea,2,3,A,1.2,4.8,1.3888888888888888,3.9444444444444446,4.0,405.00924087913154,3.0,7.0,1.6470588235294117,4.705882352941177,10.0,348.74982475302284
2024-05-12,Man United,Arsenal,0,1,A,1.8,6.4,1.6470588235294117,6.235294117647059,6.0,712.1081604993235,2.6,7.0,2.3333333333333335,5.277777777777778,12.0,279.13347013949783
2024-05-13,Aston Villa,Liverpool,3,3,D,2.0,2.8,2.5,5.555555555555555,8.0,406.477467303849,1.8,8.2,1.8888888888888888,5.277777777777778,7.0,744.2194892018567
2024-05-14,Tottenham,Man City,0,2,A,1.2,4.4,2.111111111111111,6.444444444444445,3.0,846.6575852971487,4.0,9.0,2.388888888888889,8.0,15.0,741.5176363376404
2024-05-15,Man United,Newcastle,3,2,H,1.4,5.8,1.5555555555555556,6.0,5.0,719.4044222946899,2.8,6.4,1.7647058823529411,4.411764705882353,10.0,930.2440165183099
2024-05-15,Brighton,Chelsea,1,2,A,0.6,4.8,1.7058823529411764,6.352941176470588,5.0,888.4489953461789,2.4,6.0,1.7222222222222223,4.722222222222222,10.0,315.91998836077164
2024-05-19,Man City,West Ham,3,1,H,3.4,7.4,2.6666666666666665,6.5,15.0,583.3251699394963,1.4,4.6,1.5555555555555556,3.4444444444444446,4.0,152.74888093423615
2024-05-19,Sheffield United,Tottenham,0,3,A,1.0,5.2,1.0555555555555556,3.9444444444444446,0.0,454.31799893967184,1.2,5.0,1.8333333333333333,4.666666666666667,3.0,605.0416934236655
2024-05-19,Luton,Fulham,2,4,A,1.0,3.4,1.4444444444444444,4.333333333333333,1.0,469.58692890782595,0.8,4.2,1.1111111111111112,4.777777777777778,5.0,25.87947514827533
2024-05-19,Liverpool,Wolves,2,0,H,2.4,8.4,2.611111111111111,8.944444444444445,8.0,794.4219565567436,0.8,4.0,1.3333333333333333,4.0,3.0,171.68801879269836
2024-05-19,Crystal Palace,Aston Villa,5,0,H,3.0,6.2,1.7777777777777777,4.833333333333333,13.0,321.04676864334476,2.0,3.2,1.5555555555555556,4.611111111111111,8.0,475.3580574243525
2024-05-19,Arsenal,Everton,2,1,H,2.8,7.2,2.5555555555555554,6.777777777777778,15.0,391.8729402866818,1.4,4.0,0.9444444444444444,3.611111111111111,13.0,480.8342866904801
2024-05-19,Burnley,Nott'm Forest,1,2,A,1.6,5.4,1.0,3.888888888888889,5.0,314.26487418742283,1.4,4.4,1.1111111111111112,3.7222222222222223,4.0,335.1753162604176
2024-05-19,Brighton,Man United,0,2,A,0.6,3.6,1.6666666666666667,6.111111111111111,4.0,958.2250697606519,1.6,7.0,1.3333333333333333,4.055555555555555,7.0,529.9442903927834
2024-05-19,Brentford,Newcastle,2,4,A,1.8,5.2,1.5,4.444444444444445,10.0,537.3460961331083,2.4,7.0,1.7777777777777777,4.611111111111111,7.0,789.4897256013564
2024-05-19,Chelsea,Bournemouth,2,1,H,2.8,7.0,2.3333333333333335,6.555555555555555,13.0,460.0931204221491,1.2,4.8,1.4444444444444444,4.555555555555555,6.0,451.03525461949175
2024-08-16,Man United,Fulham,1,0,H,1.2,5.2,1.631578947368421,6.105263157894737,7.0,543.044267951842,1.2,3.6,1.263157894736842,4.894736842105263,5.0,45.64896344612755
2024-08-17,Ipswich,Liverpool,0,2,A,0.0,0.0,0.0,0.0,0.0,0.0,2.2,9.8,1.9473684210526316,5.368421052631579,8.0,694.6249077130478
2024-08-17,Arsenal,Wolves,2,0,H,2.8,6.4,2.526315789473684,6.684210526315789,15.0,440.7522916267011,0.8,4.0,1.263157894736842,3.9473684210526314,3.0,191.05484617398878
2024-08-17,Everton,Brighton,0,3,A,1.2,3.6,1.1578947368421053,5.0,10.0,479.3120925384587,0.6,3.6,1.3157894736842106,5.0,4.0,736.6698344345633
2024-08-17,Newcastle,Southampton,1,0,H,3.2,8.0,2.5789473684210527,6.473684210526316,10.0,694.5101575765128,0.0,0.0,0.0,0.0,0.0,0.0
2024-08-17,Nott'm Forest,Bournemouth,1,1,D,1.4,3.8,1.4210526315789473,3.9473684210526314,6.0,306.5480525701268,1.2,4.6,1.4210526315789473,4.578947368421052,6.0,416.5626272608822
2024-08-17,West Ham,Aston Villa,1,2,A,1.6,4.2,1.631578947368421,4.526315789473684,4.0,199.96934097115636,1.6,3.2,1.4736842105263157,4.473684210526316,5.0,483.56230631554945
2024-08-18,Chelsea,Man City,0,2,A,2.8,7.2,2.3157894736842106,6.526315789473684,15.0,402.92579262481127,3.2,8.6,2.3684210526315788,7.842105263157895,15.0,539.038479939388
2024-08-18,Brentford,Crystal Palace,2,1,H,1.8,5.2,1.5263157894736843,4.473684210526316,7.0,524.6608064409252,3.0,6.6,1.0526315789473684,3.8421052631578947,13.0,255.3801087287461
2024-08-19,Leicester,Tottenham,1,1,D,0.0,0.0,0.0,0.0,0.0,0.0,1.4,6.4,1.894736842105263,4.894736842105263,6.0,498.9861693205902
2024-08-24,Brighton,Man United,2,1,H,1.2,4.4,1.5789473684210527,5.947368421052632,7.0,875.5322594711288,1.2,4.2,1.368421052631579,4.052631578947368,9.0,745.604377412807
2024-08-24,Crystal Palace,West Ham,0,2,A,2.8,6.4,1.9473684210526316,5.052631578947368,10.0,266.2017441638586,1.4,4.6,1.5263157894736843,3.3684210526315788,4.0,352.55707518054373
2024-08-24,Fulham,Leicester,2,1,H,1.0,3.0,1.631578947368421,4.473684210526316,5.0,169.85731879820173,1.0,3.0,0.0,0.0,1.0,0.0
2024-08-24,Man City,Ipswich,4,1,H,3.2,8.6,2.6842105263157894,6.7894736842105265,15.0,550.7563683570984,0.0,2.0,0.0,0.0,0.0,0.0
2024-08-24,Southampton,Nott'm Forest,0,1,A,0.0,4.0,0.0,0.0,0.0,0.0,1.6,4.8,1.1578947368421053,3.8421052631578947,7.0,297.2512218510563
2024-08-24,Tottenham,Everton,4,0,H,1.6,7.2,2.0,6.368421052631579,7.0,624.5276220521988,0.8,2.6,0.9473684210526315,3.526315789473684,7.0,656.4747873013654
2024-08-24,Aston Villa,Arsenal,0,2,A,1.4,3.0,2.526315789473684,5.526315789473684,5.0,393.4643192877468,2.2,5.6,2.263157894736842,5.2631578947368425,15.0,328.99332896142687
2024-08-25,Bournemouth,Newcastle,1,1,D,1.2,4.2,1.4210526315789473,5.157894736842105,4.0,513.1733309227867,2.4,6.8,1.894736842105263,4.7368421052631575,10.0,686.3116085344067
2024-08-25,Wolves,Chelsea,2,6,A,0.8,3.8,1.368421052631579,4.421052631578948,3.0,367.6594184768708,2.4,6.8,1.736842105263158,4.7894736842105265,12.0,301.77726155965763
2024-08-25,Liverpool,Brentford,2,0,H,2.6,9.4,2.5789473684210527,9.210526315789474,11.0,516.4186425573309,1.2,4.4,1.4210526315789473,4.578947368421052,7.0,496.82748621456983
2024-08-31,Nott'm Forest,Wolves,1,1,D,1.8,6.0,1.4,4.15,10.0,213.88084853421935,0.8,3.6,1.2,3.9,0.0,479.4183811421451
2024-08-31,Leicester,Aston Villa,1,2,A,1.0,3.5,1.0,3.0,1.0,0.0,1.0,2.8,1.5,4.4,4.0,497.41789492188167
2024-08-31,Ipswich,Fulham,1,1,D,0.5,1.5,0.0,2.0,0.0,0.0,1.2,3.8,1.2,4.75,7.0,332.5064668954653
2024-08-31,West Ham,Man City,1,3,A,1.4,3.6,1.6,4.45,6.0,352.55707518054373,3.0,7.2,2.35,7.7,15.0,654.8591737926158
2024-08-31,Brentford,Southampton,3,1,H,1.2,4.0,1.55,4.5,7.0,520.7331672906873,0.0,2.5,0.0,4.0,0.0,0.0
2024-08-31,Arsenal,Brighton,1,1,D,2.0,5.8,2.5,6.65,15.0,425.37412617347485,1.4,3.8,1.4,5.0,7.0,1014.394684507694
2024-08-31,Everton,Bournemouth,2,3,A,0.6,2.6,1.1,4.8,4.0,832.3154498082824,0.8,3.8,1.4,4.55,2.0,539.6571098167936
2024-09-01,Chelsea,Crystal Palace,1,1,D,2.6,5.6,2.2,6.35,12.0,414.2956248279039,2.6,6.0,1.05,3.95,9.0,269.1223537265285
2024-09-01,Newcastle,Tottenham,2,1,H,1.8,5.6,2.5,6.2,8.0,893.8714420650763,2.0,7.4,1.85,5.0,10.0,446.4078633793449
2024-09-01,Man United,Liverpool,0,3,A,1.4,4.6,1.6,6.05,9.0,777.9224076283336,2.6,9.4,1.95,5.35,13.0,335.7742479934877
2024-09-14,Bournemouth,Chelsea,0,1,A,1.4,4.8,1.4,5.1,5.0,638.5429921236725,2.2,6.0,1.95,4.95,10.0,418.4616811696692
2024-09-14,Aston Villa,Everton,3,2,H,1.4,3.6,2.4,5.4,7.0,359.97801389717324,0.8,3.6,0.9,3.4,3.0,857.0814134274235
2024-09-14,Man City,Brentford,2,1,H,2.8,7.0,2.75,6.7,15.0,655.7807738073736,1.8,4.8,1.35,4.45,9.0,520.1649182953452
2024-09-14,Liverpool,Nott'm Forest,0,1,A,2.4,7.4,2.55,9.15,13.0,183.32543741148007,1.4,6.2,1.15,4.05,8.0,181.01396686487607
2024-09-14,Fulham,West Ham,1,1,D,1.4,4.0,1.65,4.55,7.0,329.43586208227924,1.6,3.6,1.55,3.35,6.0,354.21917344882206
2024-09-14,Brighton,Ipswich,0,0,D,1.4,3.8,1.6,5.9,7.0,770.9622186252423,0.6666666666666666,2.3333333333333335,1.0,1.0,1.0,0.0
2024-09-14,Southampton,Man United,0,3,A,0.3333333333333333,3.6666666666666665,0.0,1.0,0.0,0.0,1.4,4.8,1.35,4.05,9.0,810.2404378438603
2024-09-14,Crystal Palace,Leicester,2,2,D,2.0,4.6,1.85,4.9,7.0,268.5596797651384,1.0,3.3333333333333335,1.0,4.0,1.0,0.0
2024-09-15,Tottenham,Arsenal,0,1,A,1.8,6.8,2.1,6.4,7.0,512.7366274142987,1.6,5.4,2.25,5.2,13.0,521.7549233855229
2024-09-15,Wolves,Newcastle,1,2,A,0.8,4.0,1.4,4.4,1.0,465.85878244588633,2.0,4.8,1.85,4.75,10.0,1101.431275595746
2024-09-21,Southampton,Ipswich,1,1,D,0.25,3.75,0.0,2.5,0.0,0.0,0.5,2.0,0.5,1.0,2.0,0.0
2024-09-21,Crystal Palace,Man United,0,0,D,1.8,4.8,1.8571428571428572,4.857142857142857,5.0,156.1090031842608,1.4,5.2,1.4285714285714286,4.333333333333333,9.0,810.2404378438603
2024-09-21,Tottenham,Brentford,3,1,H,1.8,6.8,2.0,6.333333333333333,7.0,754.3525192877819,1.6,4.8,1.3333333333333333,4.476190476190476,6.0,594.4941933721382
2024-09-21,Liverpool,Bournemouth,3,0,H,1.8,7.0,2.4285714285714284,8.952380952380953,12.0,133.12297005659315,1.2,5.4,1.4761904761904763,4.666666666666667,5.0,737.4288744305513
2024-09-21,West Ham,Chelsea,0,3,A,1.2,2.6,1.5714285714285714,4.333333333333333,4.0,355.6092438183869,2.0,5.4,1.9047619047619047,4.857142857142857,10.0,356.2252042092981
2024-09-21,Fulham,Newcastle,3,1,H,1.6,4.8,1.619047619047619,4.571428571428571,8.0,326.3652572690932,2.0,4.4,1.8571428571428572,4.809523809523809,13.0,1159.5883730780774
2024-09-21,Leicester,Everton,1,1,D,1.25,3.5,1.0,3.0,2.0,0.0,1.0,2.8,0.9523809523809523,3.3333333333333335,0.0,784.4332133646104
2024-09-21,Aston Villa,Wolves,3,1,H,1.4,4.2,2.4285714285714284,5.523809523809524,9.0,222.53813287246481,0.8,3.6,1.1904761904761905,3.857142857142857,1.0,452.2991837496276
2024-09-22,Brighton,Nott'm Forest,2,2,D,1.2,4.6,1.5238095238095237,5.904761904761905,8.0,527.5297527427905,1.2,6.0,1.1428571428571428,4.0,11.0,231.08533080609976
2024-09-22,Man City,Arsenal,2,2,D,2.8,7.4,2.7142857142857144,6.714285714285714,15.0,807.3552124221696,1.6,5.2,2.1904761904761907,5.142857142857143,13.0,364.97495985564905
2024-09-28,Newcastle,Man City,1,1,D,1.4,3.8,2.4761904761904763,6.0476190476190474,10.0,1111.2554354521037,2.6,7.2,2.380952380952381,7.714285714285714,13.0,649.5998360596195
2024-09-28,Arsenal,Leicester,4,2,H,1.6,4.8,2.4285714285714284,6.666666666666667,11.0,362.09202221290553,1.2,3.2,1.5,4.0,3.0,0.0
2024-09-28,Brentford,West Ham,1,1,D,1.4,5.0,1.619047619047619,4.619047619047619,6.0,667.1474905509092,1.0,3.6,1.5238095238095237,3.3333333333333335,4.0,202.74948171028603
2024-09-28,Chelsea,Brighton,4,2,H,2.2,5.2,2.142857142857143,6.380952380952381,10.0,409.68307654717705,1.6,4.6,1.380952380952381,4.9523809523809526,9.0,527.5297527427905
2024-09-28,Everton,Crystal Palace,2,1,H,1.0,3.4,1.1428571428571428,4.9523809523809526,1.0,685.6970174266668,0.8,3.8,1.0476190476190477,3.9047619047619047,3.0,36.31997469233046
2024-09-28,Nott'm Forest,Fulham,0,1,A,1.2,5.4,1.380952380952381,4.190476190476191,9.0,372.29420242536753,1.4,5.6,1.1904761904761905,4.714285714285714,8.0,296.72663621028937
2024-09-28,Wolves,Liverpool,1,2,A,1.0,3.8,1.380952380952381,4.428571428571429,1.0,396.48435249952,2.0,6.8,2.0,5.238095238095238,12.0,55.28033513447081
2024-09-29,Ipswich,Aston Villa,2,2,D,0.6,2.8,0.5,3.0,3.0,0.0,2.0,4.6,1.5238095238095237,4.428571428571429,12.0,114.09473629380005
2024-09-29,Man United,Tottenham,0,3,A,1.0,5.6,1.5238095238095237,5.904761904761905,7.0,777.9224076283336,1.8,7.0,1.8095238095238095,5.0476190476190474,7.0,618.7921515173741
2024-09-30,Bournemouth,Southampton,3,1,H,1.0,5.6,1.3333333333333333,5.190476190476191,5.0,841.5602903859461,0.4,3.6,0.5,5.0,1.0,0.0
2024-10-05,Everton,Newcastle,0,0,D,1.4,3.6,1.1818181818181819,4.818181818181818,4.0,508.5343226637601,1.4,4.4,1.8181818181818181,4.7727272727272725,8.0,1112.948590219773
2024-10-05,West Ham,Ipswich,4,1,H,1.0,3.6,1.5,4.454545454545454,5.0,52.17950215227266,1.0,3.4,0.6666666666666666,2.6666666666666665,4.0,0.0
2024-10-05,Man City,Fulham,3,2,H,2.4,7.4,2.6818181818181817,6.909090909090909,11.0,593.2653968763572,1.6,5.6,1.1818181818181819,4.590909090909091,11.0,270.97007813490876
2024-10-05,Brentford,Wolves,5,3,H,1.2,4.6,1.5909090909090908,4.545454545454546,4.0,679.4971193617179,1.2,3.8,1.1818181818181819,3.8636363636363638,1.0,231.62138346121438
2024-10-05,Arsenal,Southampton,3,1,H,2.0,6.8,2.5,7.090909090909091,11.0,521.7185629251949,0.6,3.4,0.6666666666666666,4.333333333333333,1.0,0.0
2024-10-05,Crystal Palace,Liverpool,0,1,A,0.8,3.6,1.7727272727272727,4.818181818181818,3.0,211.51935865047363,2.0,7.0,2.0,5.2727272727272725,12.0,122.8367696491548
2024-10-05,Leicester,Bournemouth,1,0,H,1.4,3.2,1.0,2.6666666666666665,2.0,0.0,1.4,6.0,1.4090909090909092,4.7272727272727275,7.0,925.4560571975355
2024-10-06,Aston Villa,Man United,0,0,D,2.0,4.6,2.4545454545454546,5.454545454545454,10.0,103.9535756341349,0.8,5.0,1.3636363636363635,4.409090909090909,4.0,745.604377412807
2024-10-06,Chelsea,Nott'm Forest,1,1,D,3.0,6.0,2.227272727272727,6.409090909090909,13.0,418.1621389385639,1.0,4.0,1.1818181818181819,3.9545454545454546,8.0,448.5737945706479
2024-10-06,Brighton,Tottenham,3,2,H,1.4,4.6,1.5454545454545454,5.7727272727272725,6.0,354.73554011963483,2.2,7.6,1.8636363636363635,5.2727272727272725,9.0,642.0809598067137
2024-10-19,Tottenham,West Ham,4,1,H,1.8,6.8,2.0454545454545454,6.5,6.0,844.6410692676787,1.4,5.6,1.5,3.3181818181818183,5.0,54.197256803646646
2024-10-19,Fulham,Aston Villa,1,3,A,1.6,5.2,1.6818181818181819,4.863636363636363,8.0,166.28914776288502,2.0,4.2,1.5454545454545454,4.363636363636363,11.0,0.0
2024-10-19,Ipswich,Everton,0,2,A,1.0,3.6,1.0,3.6666666666666665,4.0,0.0,1.4,3.8,0.9545454545454546,3.409090909090909,5.0,332.69366015684307
2024-10-19,Man United,Brentford,2,1,H,0.6,5.0,1.4545454545454546,5.7272727272727275,5.0,611.0881617795975,2.2,6.6,1.3181818181818181,4.545454545454546,7.0,504.5167393978243
2024-10-19,Newcastle,Brighton,0,1,A,1.2,4.0,2.409090909090909,5.954545454545454,8.0,939.0965664346675,1.6,4.4,1.4090909090909092,4.954545454545454,6.0,181.94132749647918
2024-10-19,Southampton,Leicester,2,3,A,0.8,3.6,0.3333333333333333,2.6666666666666665,1.0,0.0,1.4,2.8,1.6666666666666667,3.6666666666666665,5.0,0.0
2024-10-19,Bournemouth,Arsenal,2,0,H,1.2,5.6,1.4090909090909092,5.2272727272727275,6.0,770.1789347885252,2.2,7.2,2.1818181818181817,5.045454545454546,11.0,421.47941523772715
2024-10-20,Wolves,Man City,1,2,A,1.4,4.2,1.3636363636363635,4.363636363636363,1.0,228.94567972059622,2.2,7.8,2.3181818181818183,7.636363636363637,11.0,536.9309576930948
2024-10-20,Liverpool,Chelsea,2,1,H,1.8,6.2,2.4545454545454546,9.136363636363637,12.0,242.62579814108517,2.0,6.0,1.9545454545454546,4.863636363636363,11.0,305.6437756703176
2024-10-21,Nott'm Forest,Crystal Palace,1,0,H,1.0,4.2,1.3181818181818181,4.045454545454546,6.0,556.9261014971289,0.8,4.2,1.0454545454545454,3.9545454545454546,3.0,386.7187426086168
2024-10-25,Leicester,Nott'm Forest,1,3,A,1.8,3.0,1.0,2.5,8.0,0.0,1.0,4.4,1.173913043478261,4.173913043478261,8.0,665.2784084236098
2024-10-26,Aston Villa,Bournemouth,1,1,D,2.2,4.2,2.347826086956522,5.260869565217392,11.0,100.55964644925854,1.0,5.0,1.3478260869565217,4.608695652173913,6.0,577.337541132333
2024-10-26,Brentford,Ipswich,4,3,H,1.8,5.6,1.7391304347826086,4.869565217391305,4.0,489.7631377623053,0.8,3.2,0.75,2.5,3.0,0.0
2024-10-26,Brighton,Wolves,2,2,D,1.6,4.6,1.608695652173913,5.695652173913044,8.0,425.37379337893094,1.4,4.0,1.2608695652173914,3.9565217391304346,0.0,289.83933151185875
2024-10-26,Man City,Southampton,1,0,H,2.0,7.6,2.6956521739130435,6.913043478260869,11.0,435.9512686536947,1.0,3.8,0.75,3.75,1.0,0.0
2024-10-26,Everton,Fulham,1,1,D,1.4,3.8,1.1304347826086956,4.695652173913044,8.0,156.85299764992607,1.6,5.2,1.2173913043478262,4.565217391304348,7.0,328.0964426171797
2024-10-27,Chelsea,Newcastle,2,1,H,2.0,5.0,2.1739130434782608,6.478260869565218,10.0,371.2451710749252,0.8,4.6,1.7391304347826086,4.695652173913044,5.0,765.2445426495619
2024-10-27,Crystal Palace,Tottenham,1,0,H,0.6,5.0,1.6956521739130435,4.826086956521739,2.0,494.7675574076317,2.4,7.0,1.8695652173913044,5.173913043478261,9.0,654.3345493945019
2024-10-27,West Ham,Man United,2,1,H,1.4,6.0,1.608695652173913,4.826086956521739,5.0,49.081477050407415,1.0,6.6,1.3043478260869565,4.391304347826087,8.0,476.57194614638814
2024-10-27,Arsenal,Liverpool,2,2,D,2.0,6.0,2.5217391304347827,7.043478260869565,10.0,415.19577889957264,1.6,6.6,1.9565217391304348,5.217391304347826,12.0,400.4413189803787
2024-11-02,Southampton,Everton,1,0,H,1.0,3.4,0.75,3.75,1.0,0.0,1.2,4.4,1.0,3.608695652173913,9.0,78.42649882496303
2024-11-02,Nott'm Forest,West Ham,3,0,H,1.4,4.8,1.3043478260869565,4.130434782608695,8.0,582.3401628130428,1.6,6.0,1.4782608695652173,3.347826086956522,7.0,44.237725195881715
2024-11-02,Liverpool,Brighton,2,1,H,2.0,6.4,2.4347826086956523,8.956521739130435,13.0,549.4057237160254,2.0,4.6,1.391304347826087,4.956521739130435,8.0,668.8062592613827
2024-11-02,Wolves,Crystal Palace,2,2,D,1.6,4.4,1.3478260869565217,4.260869565217392,1.0,389.68541838407543,0.4,5.4,1.0,4.086956521739131,4.0,602.8163722066466
2024-11-02,Bournemouth,Man City,2,1,H,1.2,4.2,1.434782608695652,5.173913043478261,7.0,507.085432617426,1.8,7.8,2.3043478260869565,7.608695652173913,11.0,334.97157961429457
2024-11-02,Newcastle,Arsenal,1,0,H,0.6,4.0,2.3043478260869565,5.956521739130435,2.0,847.6824626778248,2.2,5.8,2.0869565217391304,4.869565217391305,8.0,505.2929397734663
2024-11-02,Ipswich,Leicester,1,1,D,1.4,4.0,0.75,3.25,2.0,0.0,1.6,2.4,2.0,3.75,7.0,0.0
2024-11-03,Tottenham,Aston Villa,4,1,H,2.4,6.6,2.130434782608696,6.521739130434782,9.0,426.97548137864754,1.8,4.2,1.608695652173913,4.391304347826087,9.0,201.11929289851707
2024-11-03,Man United,Chelsea,1,1,D,0.6,5.6,1.4782608695652173,5.956521739130435,5.0,640.3760426461632,2.2,5.8,1.9130434782608696,4.739130434782608,10.0,461.2482719651034
2024-11-04,Fulham,Brentford,2,1,H,1.6,4.8,1.6521739130434783,4.826086956521739,7.0,506.30270777289655,2.4,6.4,1.3043478260869565,4.434782608695652,7.0,490.5585618301079
2024-11-09,Liverpool,Aston Villa,2,0,H,1.8,5.4,2.4166666666666665,8.916666666666666,13.0,726.0102960189074,1.4,3.6,1.5833333333333333,4.25,6.0,300.4922393083661
2024-11-09,Brighton,Man City,2,1,H,1.8,5.0,1.625,5.708333333333333,7.0,884.0886734784169,1.6,6.4,2.25,7.458333333333333,10.0,525.4563132911034
2024-11-09,Wolves,Southampton,2,0,H,1.8,4.8,1.375,4.333333333333333,2.0,525.9795091251093,1.0,3.2,0.6,3.4,3.0,0.0
2024-11-09,Crystal Palace,Fulham,0,2,A,0.8,6.0,1.6666666666666667,4.875,4.0,722.605400698577,1.4,5.0,1.2083333333333333,4.5,7.0,684.5089729286134
2024-11-09,Brentford,Bournemouth,3,2,H,2.4,5.6,1.8333333333333333,5.041666666666667,7.0,335.87379028074383,1.6,4.2,1.3333333333333333,4.541666666666667,10.0,437.42664402064094
2024-11-09,West Ham,Everton,0,0,D,1.6,5.0,1.625,4.75,7.0,142.094752897469,1.0,4.4,0.9583333333333334,3.6666666666666665,8.0,0.0
2024-11-10,Man United,Leicester,3,0,H,0.8,5.2,1.4583333333333333,5.875,5.0,633.9380599004999,1.6,3.2,1.8,4.2,7.0,0.0
2024-11-10,Nott'm Forest,Newcastle,1,3,A,1.6,5.4,1.375,4.208333333333333,10.0,367.05774859600865,0.6,4.0,1.7083333333333333,4.625,5.0,984.3303006478462
2024-11-10,Tottenham,Ipswich,1,2,A,2.6,5.8,2.2083333333333335,6.5,9.0,441.23230523627643,1.4,3.2,1.2,3.0,2.0,0.0
2024-11-10,Chelsea,Arsenal,1,1,D,1.8,5.4,2.1666666666666665,6.5,8.0,527.6643971871665,1.8,5.4,2.0,4.708333333333333,7.0,592.0072444620608
2024-11-23,Everton,Brentford,0,0,D,0.6,4.8,1.125,4.708333333333333,6.0,180.6443945638433,2.8,6.2,1.2916666666666667,4.333333333333333,9.0,326.5947662831212
2024-11-23,Fulham,Wolves,1,4,A,1.6,6.0,1.6666666666666667,5.125,7.0,584.0890687634109,2.0,5.0,1.2916666666666667,4.083333333333333,5.0,514.2379058605329
2024-11-23,Man City,Tottenham,0,4,A,1.6,6.4,2.625,6.958333333333333,9.0,496.72333679032874,2.2,4.8,1.7916666666666667,5.083333333333333,6.0,282.3831291765289
2024-11-23,Aston Villa,Crystal Palace,2,2,D,1.0,3.4,2.2916666666666665,5.375,5.0,475.77936714689537,0.6,6.0,1.0416666666666667,4.208333333333333,4.0,656.3734097972517
2024-11-23,Arsenal,Nott'm Forest,3,0,H,1.2,2.8,2.5,6.875,5.0,680.9223824221936,1.8,5.8,1.25,4.208333333333333,10.0,216.70461385296187
2024-11-23,Leicester,Chelsea,1,2,A,1.2,3.6,1.0,2.2,7.0,0.0,1.2,4.6,1.875,4.666666666666667,6.0,682.1311522458518
2024-11-23,Bournemouth,Brighton,1,2,A,1.4,3.6,1.4583333333333333,5.208333333333333,7.0,330.2806494663496,1.8,4.8,1.375,4.958333333333333,10.0,1056.299267805321
2024-11-24,Southampton,Liverpool,2,3,A,0.8,2.6,0.8,3.4,3.0,0.0,1.8,5.2,1.9583333333333333,5.166666666666667,13.0,658.4538615042234
2024-11-24,Ipswich,Man United,1,1,D,1.4,2.8,0.8,3.0,4.0,0.0,1.4,5.4,1.2916666666666667,4.416666666666667,8.0,463.6959806550614
2024-11-25,Newcastle,West Ham,0,2,A,1.0,4.4,2.25,5.875,7.0,877.6816977900585,1.4,5.6,1.4166666666666667,3.2916666666666665,7.0,237.6619980489688
2024-11-29,Brighton,Southampton,1,1,D,1.6,4.8,1.64,5.64,10.0,1090.2310553919115,1.0,3.2,0.5,2.8333333333333335,3.0,0.0
2024-11-30,Brentford,Leicester,4,1,H,1.8,4.2,1.88,5.08,7.0,502.1433952423569,1.2,3.4,1.5,4.333333333333333,4.0,0.0
2024-11-30,Crystal Palace,Newcastle,1,1,D,1.0,6.2,1.6,4.88,5.0,578.7957869826606,1.0,4.2,1.76,4.68,6.0,900.4610513989413
2024-11-30,Nott'm Forest,Ipswich,1,0,H,1.6,4.0,1.36,4.16,9.0,213.39798048646958,1.4,3.6,1.3333333333333333,3.0,5.0,0.0
2024-11-30,Wolves,Bournemouth,2,4,A,2.2,4.8,1.4,4.32,8.0,517.0484876382773,1.6,4.2,1.36,4.48,7.0,415.3827286501286
2024-11-30,West Ham,Arsenal,2,5,A,1.0,4.2,1.56,4.8,7.0,472.05991348017545,1.2,3.0,1.96,4.64,5.0,687.1023851038628
2024-12-01,Tottenham,Fulham,1,1,D,2.6,5.6,2.16,6.44,9.0,237.57839607811403,1.4,5.8,1.24,4.6,7.0,534.0218769106137
2024-12-01,Liverpool,Man City,2,0,H,2.2,6.6,2.4,8.76,13.0,538.6648330122931,1.0,6.0,2.2,7.4,6.0,593.0288191754922
2024-12-01,Chelsea,Aston Villa,3,0,H,1.4,4.4,2.12,6.36,8.0,682.1311522458518,1.4,4.2,1.52,4.16,5.0,553.6220020690178
2024-12-01,Man United,Everton,4,0,H,1.6,5.4,1.52,5.76,8.0,395.6520868273058,0.6,5.4,0.92,3.68,6.0,361.2887891276866
2024-12-03,Ipswich,Crystal Palace,0,1,A,1.4,3.8,0.8333333333333334,3.5,5.0,0.0,1.2,5.6,1.08,4.28,6.0,571.8520168512578
2024-12-03,Leicester,West Ham,3,1,H,0.8,3.2,1.0,2.0,1.0,0.0,1.2,4.4,1.44,3.4,7.0,713.5913633159953
2024-12-04,Aston Villa,Brentford,3,1,H,0.8,4.0,2.28,5.36,2.0,554.2108866849128,2.4,5.0,1.24,4.24,10.0,517.4652458732181
2024-12-04,Southampton,Chelsea,1,5,A,0.8,2.2,1.0,3.6666666666666665,4.0,0.0,1.8,5.6,1.88,4.76,11.0,504.0113935729979
2024-12-04,Arsenal,Man United,2,0,H,2.2,4.2,2.52,6.88,8.0,597.2613608926362,2.0,4.2,1.28,4.4,8.0,327.6081929995502
2024-12-04,Man City,Nott'm Forest,3,0,H,0.6,5.0,2.52,6.88,3.0,562.7706854113712,1.6,3.8,1.2,4.04,9.0,210.09134711997729
2024-12-04,Everton,Wolves,4,0,H,0.2,4.2,1.08,4.72,3.0,389.1172301501261,2.4,5.0,1.4,4.12,8.0,519.8590694160217
2024-12-04,Newcastle,Liverpool,3,3,D,1.2,3.0,2.16,5.72,7.0,1036.394402140049,2.2,7.0,2.0,5.4,13.0,353.2091446057641
2024-12-05,Fulham,Brighton,3,1,H,1.4,6.2,1.64,5.04,8.0,383.3690383105756,1.6,4.8,1.4,4.92,8.0,875.9033531280702
2024-12-05,Bournemouth,Tottenham,1,0,H,2.0,5.0,1.44,5.2,7.0,544.1760721651319,2.0,4.8,1.88,5.16,7.0,344.0244004403579
2024-12-07,Man United,Nott'm Forest,2,3,A,1.8,3.6,1.6153846153846154,5.730769230769231,8.0,324.4424105050688,1.0,3.4,1.1538461538461537,4.0,6.0,268.0595648452171
2024-12-07,Aston Villa,Southampton,1,0,H,1.2,4.4,2.3076923076923075,5.538461538461538,4.0,554.799771300808,1.0,2.6,0.5714285714285714,2.7142857142857144,4.0,0.0
2024-12-07,Brentford,Newcastle,4,2,H,1.8,3.4,1.9615384615384615,5.115384615384615,7.0,455.02583642080583,1.6,3.6,1.7307692307692308,4.5,8.0,1043.059069820845
2024-12-07,Crystal Palace,Man City,2,2,D,1.2,5.0,1.5769230769230769,4.846153846153846,6.0,456.46485014119014,1.0,4.8,2.1153846153846154,7.1923076923076925,3.0,532.5125516472502
2024-12-08,Leicester,Brighton,2,2,D,1.2,4.2,1.2857142857142858,2.5714285714285716,4.0,0.0,1.4,4.2,1.3846153846153846,4.846153846153846,7.0,627.3390337407966
2024-12-08,Tottenham,Chelsea,3,4,A,2.0,5.0,2.1153846153846154,6.3076923076923075,7.0,427.2104359191557,2.4,6.8,2.0,5.076923076923077,11.0,325.891634900144
2024-12-08,Fulham,Arsenal,1,1,D,1.8,6.0,1.6923076923076923,4.923076923076923,10.0,216.31722940911527,2.2,4.8,2.076923076923077,4.730769230769231,10.0,507.4203366814096
2024-12-08,Ipswich,Bournemouth,1,2,A,0.8,3.2,0.7142857142857143,3.2857142857142856,5.0,0.0,2.0,6.0,1.4615384615384615,4.615384615384615,9.0,550.3801305388502
2024-12-09,West Ham,Wolves,2,1,H,1.0,5.8,1.5769230769230769,4.8076923076923075,4.0,708.5659824095694,2.0,4.0,1.3461538461538463,4.038461538461538,7.0,439.972277151415
2024-12-14,Arsenal,Everton,0,0,D,2.4,5.4,2.5,6.846153846153846,11.0,270.31861053633236,0.8,4.0,0.8846153846153846,3.6153846153846154,5.0,416.94567117256554
2024-12-14,Liverpool,Fulham,2,2,D,2.4,7.2,2.3846153846153846,8.692307692307692,13.0,296.26979391701775,1.6,4.0,1.2307692307692308,4.653846153846154,8.0,38.110964253398436
2024-12-14,Newcastle,Leicester,4,0,H,1.8,3.4,2.1923076923076925,5.730769230769231,5.0,1041.5251884595348,1.4,3.6,1.4285714285714286,4.142857142857143,4.0,0.0
2024-12-14,Wolves,Ipswich,1,2,A,1.8,3.8,1.4230769230769231,4.269230769230769,6.0,472.580977709648,0.8,3.8,1.1428571428571428,3.0,4.0,0.0
2024-12-14,Nott'm Forest,Aston Villa,2,1,H,1.0,2.8,1.3461538461538463,4.1923076923076925,6.0,272.0450478390759,1.2,5.2,1.4615384615384615,4.153846153846154,7.0,455.42682489095887
2024-12-15,Brighton,Crystal Palace,1,3,A,1.6,4.6,1.6153846153846154,5.615384615384615,8.0,454.8236098770504,1.2,4.2,1.0769230769230769,4.230769230769231,6.0,336.6758216492598
2024-12-15,Man City,Man United,1,2,A,1.2,4.8,2.5384615384615383,6.884615384615385,4.0,511.37474062284224,2.0,4.2,1.2307692307692308,4.3076923076923075,7.0,321.2766280105873
2024-12-15,Chelsea,Brentford,2,1,H,3.0,7.8,2.1538461538461537,6.423076923076923,13.0,172.96473248887128,2.4,4.6,1.2307692307692308,4.115384615384615,10.0,549.742600483582
2024-12-15,Southampton,Tottenham,0,5,A,0.8,2.2,1.0,3.7142857142857144,1.0,0.0,1.8,4.8,1.8076923076923077,5.115384615384615,4.0,510.3964713979534
2024-12-16,Bournemouth,West Ham,1,1,D,2.0,6.0,1.4230769230769231,5.3076923076923075,9.0,427.7908453975648,1.4,6.2,1.4230769230769231,3.6538461538461537,7.0,600.8398219470305
2024-12-21,West Ham,Brighton,1,1,D,1.6,5.6,1.5925925925925926,4.777777777777778,7.0,589.6433537125005,1.4,4.8,1.4074074074074074,4.925925925925926,5.0,239.54119566001623
2024-12-21,Ipswich,Newcastle,0,4,A,0.8,4.2,0.75,3.5,4.0,0.0,2.0,4.4,1.7407407407407407,4.444444444444445,5.0,1146.4806365496534
2024-12-21,Crystal Palace,Arsenal,1,5,A,1.8,4.2,1.5925925925925926,4.777777777777778,9.0,253.95578394704995,2.2,5.8,2.037037037037037,4.703703703703703,11.0,29.144886769977777
2024-12-21,Aston Villa,Man City,2,1,H,1.4,5.2,2.259259259259259,5.518518518518518,7.0,323.4505334794534,1.2,4.2,2.111111111111111,7.074074074074074,4.0,603.7180557985228
2024-12-21,Brentford,Nott'm Forest,0,2,A,2.0,4.2,2.037037037037037,5.222222222222222,7.0,550.9085273154861,1.2,3.4,1.2222222222222223,3.962962962962963,9.0,332.095273784276
2024-12-22,Everton,Chelsea,0,0,D,0.8,3.0,1.1923076923076923,4.6923076923076925,6.0,594.1083659354722,3.2,8.8,2.074074074074074,5.185185185185185,15.0,20.037830077598528
2024-12-22,Fulham,Southampton,0,0,D,1.6,3.2,1.6666666666666667,4.814814814814815,6.0,207.84962214677387,0.8,2.8,0.5,2.375,1.0,0.0
2024-12-22,Leicester,Wolves,0,3,A,1.4,2.8,1.375,2.625,4.0,0.0,1.6,4.2,1.3333333333333333,4.074074074074074,3.0,588.0894125417803
2024-12-22,Man United,Bournemouth,0,3,A,1.8,4.2,1.6296296296296295,5.777777777777778,7.0,325.26211100444607,1.8,7.2,1.4814814814814814,4.666666666666667,10.0,342.68876621378575
2024-12-22,Tottenham,Liverpool,3,6,A,2.6,5.6,2.1481481481481484,6.2592592592592595,7.0,510.3964713979534,2.4,6.4,2.0384615384615383,5.384615384615385,11.0,239.3304432282715
2024-12-26,Liverpool,Leicester,3,1,H,3.2,7.8,2.3703703703703702,8.518518518518519,11.0,414.6175710668008,1.2,3.6,1.25,3.75,4.0,0.0
2024-12-26,Wolves,Man United,2,0,H,1.4,4.0,1.4074074074074074,4.333333333333333,3.0,476.1955718393798,1.6,4.8,1.2592592592592593,4.2592592592592595,6.0,329.2475939983049
2024-12-26,Southampton,West Ham,0,1,A,0.4,2.0,0.875,3.625,2.0,0.0,1.4,5.2,1.4074074074074074,3.6296296296296298,5.0,439.6162151982636
2024-12-26,Nott'm Forest,Tottenham,1,0,H,1.6,4.6,1.3703703703703705,4.2592592592592595,12.0,333.36677064574013,2.4,5.2,1.9259259259259258,5.2592592592592595,4.0,352.6410950354033
2024-12-26,Chelsea,Fulham,1,2,A,2.8,8.4,2.1481481481481484,6.481481481481482,13.0,198.7227189925266,1.4,3.6,1.2592592592592593,4.592592592592593,7.0,377.5882800401493
2024-12-26,Bournemouth,Crystal Palace,0,0,D,2.2,7.2,1.4074074074074074,5.444444444444445,13.0,447.0468189319132,1.6,4.2,1.1481481481481481,4.2592592592592595,8.0,182.58137815810568
2024-12-26,Man City,Everton,1,1,D,1.4,4.4,2.4814814814814814,6.7407407407407405,4.0,470.2352803400693,0.8,3.0,0.8518518518518519,3.4814814814814814,6.0,590.6266661345356
2024-12-26,Newcastle,Aston Villa,3,0,H,2.8,5.4,2.259259259259259,5.925925925925926,8.0,1004.4282873286598,1.4,5.4,1.4444444444444444,4.074074074074074,9.0,288.9187349843549
2024-12-27,Brighton,Brentford,0,0,D,1.2,5.2,1.5925925925925926,5.592592592592593,3.0,209.3980067495965,2.0,4.4,1.2222222222222223,4.111111111111111,6.0,379.5964300013406
2024-12-27,Arsenal,Ipswich,1,0,H,2.6,5.6,2.4074074074074074,6.777777777777778,11.0,33.8298045915779,0.6,3.4,1.25,3.25,3.0,0.0
2024-12-29,Tottenham,Wolves,2,2,D,2.2,5.4,2.1785714285714284,6.214285714285714,3.0,297.58652496091025,1.4,4.2,1.3928571428571428,4.071428571428571,6.0,364.30173113697924
2024-12-29,Fulham,Bournemouth,2,2,D,1.6,3.8,1.6071428571428572,4.821428571428571,9.0,367.83598415666324,1.4,6.4,1.5357142857142858,4.678571428571429,11.0,507.7136073188164
2024-12-29,West Ham,Liverpool,0,5,A,1.2,4.6,1.5714285714285714,4.75,8.0,193.0593844560178,3.2,7.0,2.185185185185185,5.62962962962963,11.0,589.9046989053301
2024-12-29,Crystal Palace,Southampton,2,1,H,1.4,4.2,1.5714285714285714,4.821428571428571,8.0,162.95608800685693,0.2,2.6,0.4444444444444444,2.2222222222222223,1.0,0.0
2024-12-29,Leicester,Man City,0,2,A,1.2,3.2,1.2222222222222223,2.888888888888889,4.0,0.0,1.6,5.0,2.0714285714285716,7.035714285714286,5.0,507.3034991787428
2024-12-29,Everton,Nott'm Forest,0,2,A,1.0,2.6,1.1481481481481481,4.666666666666667,6.0,441.6410549810805,1.6,4.2,1.25,4.035714285714286,12.0,334.63826750720426
2024-12-30,Aston Villa,Brighton,2,2,D,1.4,4.8,2.25,5.535714285714286,9.0,358.52182135474504,1.0,5.6,1.3928571428571428,4.964285714285714,3.0,179.2548178391768
2024-12-30,Ipswich,Chelsea,2,0,H,0.6,2.8,0.6666666666666666,3.3333333333333335,3.0,0.0,2.4,8.4,2.0,5.178571428571429,10.0,377.4076079074547
2024-12-30,Man United,Newcastle,0,2,A,0.8,4.6,1.5714285714285714,5.821428571428571,3.0,389.91646873412907,3.2,7.0,1.8214285714285714,4.535714285714286,10.0,749.2219409754417
2025-01-01,Brentford,Arsenal,1,3,A,1.2,3.8,1.9642857142857142,5.142857142857143,4.0,248.37582004226897,1.8,5.2,2.142857142857143,4.75,11.0,40.58023795676057
2025-01-04,Tottenham,Newcastle,1,2,A,2.6,5.2,2.1724137931034484,6.103448275862069,4.0,302.8444719125409,3.0,6.6,1.8275862068965518,4.517241379310345,12.0,601.9622557840514
2025-01-04,Aston Villa,Leicester,2,1,H,1.2,3.6,2.2413793103448274,5.482758620689655,7.0,428.12490772513524,0.6,2.8,1.2222222222222223,3.4444444444444446,1.0,0.0
2025-01-04,Bournemouth,Everton,1,0,H,1.6,6.6,1.3571428571428572,5.392857142857143,9.0,465.68734727135165,1.0,2.6,0.8571428571428571,3.4642857142857144,6.0,445.4713973690292
2025-01-04,Crystal Palace,Chelsea,1,1,D,1.6,5.6,1.5862068965517242,5.0,8.0,251.7741944342729,1.4,6.8,1.9310344827586208,5.172413793103448,7.0,377.4076079074547
2025-01-04,Man City,West Ham,4,1,H,1.4,4.6,2.4285714285714284,6.678571428571429,5.0,475.81242711321136,1.0,2.6,1.3928571428571428,3.5714285714285716,8.0,193.0593844560178
2025-01-04,Southampton,Brentford,0,5,A,0.2,2.4,0.7777777777777778,3.7777777777777777,1.0,0.0,1.2,4.0,1.1785714285714286,4.071428571428571,4.0,194.91647016647084
2025-01-04,Brighton,Arsenal,1,1,D,1.2,5.8,1.5357142857142858,5.642857142857143,4.0,273.92770851059737,2.0,5.0,2.1724137931034484,4.758620689655173,11.0,45.38527592291766
2025-01-05,Fulham,Ipswich,2,2,D,1.4,4.6,1.6206896551724137,4.862068965517241,7.0,358.0836882731772,1.0,3.6,1.1111111111111112,2.888888888888889,6.0,0.0
2025-01-05,Liverpool,Man United,2,2,D,3.8,8.2,2.392857142857143,8.464285714285714,11.0,769.993677054573,0.8,4.2,1.2142857142857142,4.25,3.0,289.94702946465964
2025-01-06,Wolves,Nott'm Forest,0,3,A,1.8,4.4,1.4285714285714286,4.321428571428571,7.0,407.1194116303438,2.0,5.0,1.2758620689655173,4.137931034482759,15.0,360.0404230988014
2025-01-14,Brentford,Man City,2,2,D,1.4,4.6,1.9310344827586208,5.0344827586206895,4.0,97.1291012905086,1.8,5.2,2.0689655172413794,6.9655172413793105,7.0,306.4655044608106
2025-01-14,Chelsea,Bournemouth,2,2,D,0.8,5.4,2.107142857142857,6.535714285714286,5.0,374.72704477970814,1.4,7.0,1.5517241379310345,4.827586206896552,9.0,552.4544307388903
2025-01-14,West Ham,Fulham,3,2,H,0.8,2.6,1.5172413793103448,4.586206896551724,5.0,355.78827932507033,1.6,5.0,1.2857142857142858,4.678571428571429,7.0,358.0836882731772
2025-01-14,Nott'm Forest,Liverpool,1,1,D,2.0,5.0,1.3571428571428572,4.214285714285714,15.0,424.20384184594616,3.6,8.4,2.2857142857142856,5.892857142857143,11.0,830.4174335896803
2025-01-15,Everton,Aston Villa,0,1,A,0.2,1.8,1.1071428571428572,4.571428571428571,3.0,610.484350002782,1.4,3.6,1.3928571428571428,3.9642857142857144,7.0,428.12490772513524
2025-01-15,Leicester,Crystal Palace,0,2,A,0.4,2.6,1.1,3.0,0.0,0.0,1.4,6.2,1.1071428571428572,4.25,8.0,251.7741944342729
2025-01-15,Newcastle,Wolves,3,0,H,3.0,6.8,2.2857142857142856,6.0,15.0,513.803634532687,1.6,4.6,1.4137931034482758,4.0344827586206895,7.0,337.4415993008687
2025-01-15,Arsenal,Tottenham,2,1,H,2.0,4.8,2.357142857142857,6.714285714285714,11.0,82.34534001701425,2.2,5.0,1.8571428571428572,5.214285714285714,4.0,205.40161257611433
2025-01-16,Ipswich,Brighton,0,2,A,1.2,3.2,0.8,3.6,7.0,0.0,1.0,5.2,1.4137931034482758,4.931034482758621,4.0,368.60059918201796
2025-01-16,Man United,Southampton,3,1,H,0.8,3.6,1.5172413793103448,5.620689655172414,4.0,156.9488830266014,0.2,2.6,0.5,2.3,1.0,0.0
2025-01-18,Newcastle,Bournemouth,1,4,A,2.8,5.6,2.310344827586207,5.9655172413793105,15.0,508.41172909505826,1.6,5.8,1.5666666666666667,4.766666666666667,9.0,640.571088521566
2025-01-18,Brentford,Liverpool,0,2,A,1.6,5.0,1.9333333333333333,5.066666666666666,5.0,92.89256964541843,3.4,9.0,2.2413793103448274,5.931034482758621,11.0,793.6904575861116
2025-01-18,Leicester,Fulham,0,2,A,0.4,3.2,1.0,3.090909090909091,0.0,0.0,1.6,5.4,1.3103448275862069,4.689655172413793,6.0,190.31313726831067
2025-01-18,West Ham,Crystal Palace,0,2,A,1.2,2.6,1.5666666666666667,4.533333333333333,7.0,421.98748196611393,1.2,6.0,1.1379310344827587,4.241379310344827,8.0,214.70520364455245
2025-01-18,Arsenal,Aston Villa,2,2,D,2.4,4.6,2.3448275862068964,6.620689655172414,13.0,122.8762289690564,1.4,3.8,1.3793103448275863,3.9310344827586206,10.0,463.24057012307446
2025-01-19,Ipswich,Man City,0,6,A,0.8,2.8,0.7272727272727273,3.5454545454545454,4.0,0.0,2.0,6.2,2.066666666666667,7.0,8.0,296.5499360689818
2025-01-19,Nott'm Forest,Southampton,3,2,H,1.8,4.4,1.3448275862068966,4.172413793103448,13.0,412.34322303413967,0.4,3.0,0.5454545454545454,2.5454545454545454,1.0,0.0
2025-01-19,Everton,Tottenham,3,2,H,0.2,2.4,1.0689655172413792,4.517241379310345,2.0,626.1630488960675,1.4,3.6,1.8275862068965518,5.103448275862069,1.0,209.2599630515341
2025-01-19,Man United,Brighton,1,3,A,1.0,4.8,1.5666666666666667,5.733333333333333,4.0,180.60356759997802,1.2,5.2,1.4333333333333333,4.933333333333334,7.0,368.60059918201796
2025-01-20,Chelsea,Wolves,3,1,H,0.8,5.8,2.103448275862069,6.655172413793103,3.0,372.0464816519616,1.4,4.8,1.3666666666666667,4.133333333333334,7.0,388.0369231128957
2025-01-25,Bournemouth,Nott'm Forest,5,0,H,1.8,6.8,1.3448275862068966,5.482758620689655,9.0,699.6526352920816,2.0,4.2,1.3333333333333333,4.1,13.0,306.0260526126869
2025-01-25,Brighton,Everton,0,1,A,1.6,4.6,1.5172413793103448,5.586206896551724,9.0,524.3002900766825,0.8,2.8,0.8275862068965517,3.3448275862068964,4.0,449.00035413316084
2025-01-25,Liverpool,Ipswich,4,1,H,2.6,8.2,2.3793103448275863,8.379310344827585,11.0,724.7205001690351,0.8,3.2,1.2,2.9,4.0,0.0
2025-01-25,Southampton,Newcastle,1,3,A,0.8,3.6,0.7,3.5,0.0,0.0,2.2,5.2,1.8333333333333333,4.5,12.0,508.41172909505826
2025-01-25,Wolves,Arsenal,0,1,A,1.0,4.8,1.3793103448275863,4.379310344827586,4.0,636.5786017853178,1.8,4.6,2.1333333333333333,4.7,11.0,112.01130846578701
2025-01-25,Man City,Chelsea,3,1,H,3.0,6.8,2.4827586206896552,6.689655172413793,11.0,387.4219994253488,1.4,6.2,1.9,5.033333333333333,5.0,193.3615927370335
2025-01-26,Crystal Palace,Brentford,1,2,A,1.4,6.2,1.5666666666666667,5.033333333333333,11.0,187.77737351449713,1.6,5.6,1.3103448275862069,4.310344827586207,5.0,88.65603800032827
2025-01-26,Tottenham,Leicester,1,2,A,1.2,3.8,2.1333333333333333,6.033333333333333,1.0,386.42265781444075,0.4,3.0,1.2,3.3,0.0,0.0
2025-01-26,Aston Villa,West Ham,1,1,D,1.4,3.4,2.2333333333333334,5.466666666666667,8.0,597.0924284589573,1.0,1.8,1.3793103448275863,3.586206896551724,6.0,325.457789738105
2025-01-26,Fulham,Man United,0,1,A,2.0,4.8,1.6333333333333333,4.833333333333333,8.0,22.542586263444136,1.2,3.6,1.2413793103448276,4.241379310344827,4.0,176.61808460611923
2025-02-01,Newcastle,Fulham,1,2,A,2.2,5.4,2.2666666666666666,5.933333333333334,12.0,508.41172909505826,1.6,4.0,1.3333333333333333,4.6,5.0,21.14042589267369
2025-02-01,Wolves,Aston Villa,2,0,H,0.6,4.8,1.3333333333333333,4.366666666666666,1.0,749.096965053564,1.6,4.0,1.4,3.933333333333333,9.0,526.5799587108813
2025-02-01,Ipswich,Southampton,1,2,A,1.0,3.8,0.6666666666666666,3.5833333333333335,4.0,0.0,1.0,3.6,0.6666666666666666,2.6666666666666665,0.0,0.0
2025-02-01,Everton,Leicester,4,0,H,0.8,2.4,1.1333333333333333,4.566666666666666,6.0,633.2076032360583,0.6,3.4,1.2727272727272727,3.272727272727273,3.0,0.0
2025-02-01,Bournemouth,Liverpool,0,2,A,2.8,8.0,1.4666666666666666,5.633333333333334,11.0,803.317522787391,2.8,8.0,2.2333333333333334,6.0,11.0,724.4137522943994
2025-02-01,Nott'm Forest,Brighton,7,0,H,1.8,4.4,1.4,4.2,10.0,354.9860046002444,1.6,3.4,1.4838709677419355,4.870967741935484,8.0,679.9999809713471
2025-02-02,Brentford,Tottenham,0,2,A,2.0,6.2,1.8709677419354838,5.096774193548387,7.0,55.14965443527666,1.4,4.2,1.8333333333333333,5.133333333333334,1.0,459.56251403330066
2025-02-02,Man United,Crystal Palace,0,2,A,1.4,3.0,1.5483870967741935,5.580645161290323,7.0,278.59835796755857,1.6,6.4,1.1666666666666667,4.333333333333333,10.0,109.10042774674628
2025-02-02,Arsenal,Man City,5,1,H,1.8,4.2,2.3333333333333335,6.6,11.0,212.90535062779193,3.4,7.0,2.193548387096774,7.064516129032258,13.0,318.8627085211439
2025-02-03,Chelsea,West Ham,2,1,H,1.4,5.4,2.1333333333333333,6.666666666666667,5.0,176.74772698286267,1.0,2.2,1.3666666666666667,3.6,4.0,429.4113653722399
2025-02-12,Everton,Liverpool,2,2,D,1.6,3.4,1.2258064516129032,4.645161290322581,9.0,817.4148523389556,2.2,6.8,2.225806451612903,6.032258064516129,11.0,736.5728478832267
2025-02-14,Brighton,Chelsea,3,0,H,1.2,3.6,1.4666666666666666,5.433333333333334,7.0,692.9132346896854,1.8,5.0,1.8709677419354838,5.0,8.0,338.8187501436199
2025-02-15,Leicester,Arsenal,0,2,A,0.6,2.8,0.9166666666666666,3.1666666666666665,3.0,0.0,2.2,4.6,2.096774193548387,4.645161290322581,11.0,315.74478818882244
2025-02-15,Aston Villa,Ipswich,1,1,D,1.2,3.8,2.193548387096774,5.419354838709677,8.0,367.56994453991393,0.8,3.8,1.1818181818181819,2.909090909090909,1.0,0.0
2025-02-15,Fulham,Nott'm Forest,2,1,H,1.6,3.6,1.5806451612903225,4.774193548387097,7.0,268.4392176006844,2.8,4.8,1.2903225806451613,4.096774193548387,10.0,426.89275369241784
2025-02-15,Man City,Newcastle,4,0,H,3.2,6.8,2.5,6.666666666666667,10.0,478.48924923343327,2.0,5.4,1.8709677419354838,4.645161290322581,9.0,400.46506793323056
2025-02-15,Southampton,Bournemouth,1,3,A,1.2,3.8,0.7272727272727273,3.6363636363636362,3.0,0.0,2.4,6.8,1.6451612903225807,4.935483870967742,10.0,716.5504393198523
2025-02-15,West Ham,Brentford,0,1,A,1.2,3.2,1.5161290322580645,4.387096774193548,4.0,530.5598964373936,1.8,6.6,1.3333333333333333,4.366666666666666,7.0,21.643270870225056
2025-02-15,Crystal Palace,Everton,1,2,A,1.6,5.0,1.5483870967741935,5.032258064516129,10.0,190.52440056476874,2.0,4.0,0.8333333333333334,3.2666666666666666,10.0,624.5734586827634
2025-02-16,Tottenham,Man United,1,0,H,1.4,4.0,2.096774193548387,6.032258064516129,3.0,369.21133655605206,1.4,3.4,1.2333333333333334,4.133333333333334,7.0,380.578631328998
2025-02-16,Liverpool,Wolves,2,1,H,2.2,6.4,2.433333333333333,8.3,11.0,749.3252633901759,0.6,5.2,1.3548387096774193,4.129032258064516,3.0,638.1303828191958
2025-02-19,Aston Villa,Liverpool,2,2,D,1.0,4.0,2.15625,5.4375,6.0,379.31154780449043,2.4,5.6,2.21875,5.96875,13.0,666.9859075596545
2025-02-21,Leicester,Brentford,0,4,A,0.4,2.8,0.8461538461538461,3.076923076923077,3.0,0.0,1.0,5.4,1.3225806451612903,4.387096774193548,7.0,33.80218618126418
2025-02-22,Everton,Man United,2,2,D,2.4,4.6,1.25,4.59375,13.0,617.7530844198268,1.0,3.8,1.1935483870967742,4.193548387096774,6.0,511.78763982150997
2025-02-22,Arsenal,West Ham,0,1,A,2.4,5.0,2.4193548387096775,6.612903225806452,13.0,271.4167691886583,1.0,3.0,1.3548387096774193,3.6451612903225805,4.0,376.31006395972787
2025-02-22,Bournemouth,Wolves,0,1,A,2.8,6.6,1.4193548387096775,5.548387096774194,10.0,629.7833558523137,0.8,4.8,1.34375,4.125,3.0,594.7202350995117
2025-02-22,Fulham,Crystal Palace,0,2,A,1.6,4.8,1.59375,4.9375,9.0,517.1401696794655,1.6,5.0,1.1935483870967742,4.290322580645161,9.0,360.7664798102072
2025-02-22,Ipswich,Tottenham,1,4,A,0.6,3.8,0.6923076923076923,3.769230769230769,1.0,0.0,1.4,4.6,1.8387096774193548,5.032258064516129,6.0,381.56096536686067
2025-02-22,Southampton,Brighton,0,4,A,1.4,4.4,0.75,3.6666666666666665,3.0,0.0,1.6,3.8,1.4375,4.875,9.0,705.8264884080237
2025-02-22,Aston Villa,Chelsea,2,1,H,1.2,4.2,2.1515151515151514,5.393939393939394,4.0,300.88504897952737,1.6,4.8,1.8125,4.84375,7.0,374.5522181226971
2025-02-23,Newcastle,Nott'm Forest,4,3,H,1.6,4.8,2.225806451612903,5.870967741935484,6.0,347.35247585097795,2.4,4.6,1.28125,4.03125,7.0,467.0647819890595
2025-02-23,Man City,Liverpool,0,2,A,3.2,6.8,2.5483870967741935,6.67741935483871,10.0,638.1157899457226,2.4,4.6,2.212121212121212,5.878787878787879,11.0,638.5113720603241
2025-02-25,Brighton,Bournemouth,2,1,H,2.0,5.2,1.5161290322580645,5.419354838709677,9.0,705.8264884080237,2.4,6.6,1.6875,5.0,9.0,541.666698069638
2025-02-25,Crystal Palace,Aston Villa,4,1,H,1.6,5.2,1.53125,5.0625,9.0,368.6675056826499,1.2,4.6,1.3548387096774193,3.903225806451613,6.0,123.72235421662067
2025-02-25,Wolves,Fulham,1,2,A,1.0,4.4,1.3548387096774193,4.387096774193548,6.0,620.8645501934227,1.2,3.8,1.3548387096774193,4.580645161290323,9.0,507.27103691851397
2025-02-25,Chelsea,Southampton,4,0,H,1.4,4.2,2.129032258064516,6.548387096774194,6.0,504.65374723635284,1.2,3.6,0.7692307692307693,2.769230769230769,3.0,0.0
2025-02-26,Tottenham,Man City,0,1,A,2.0,5.4,2.0625,6.0625,9.0,377.7026148914409,2.8,6.2,2.15625,6.96875,9.0,478.6844356851507
2025-02-26,Nott'm Forest,Arsenal,0,0,D,2.8,5.0,1.5806451612903225,4.354838709677419,6.0,667.5761269344471,2.0,4.6,2.09375,4.65625,10.0,223.51792533054862
2025-02-26,Liverpool,Newcastle,2,0,H,2.0,4.2,2.4193548387096775,8.129032258064516,11.0,532.0902830006355,1.8,4.8,1.8125,4.53125,6.0,211.47316795498978
2025-02-26,Brentford,Everton,1,1,D,1.4,5.4,1.8125,5.0625,9.0,45.961101492303314,2.2,5.0,0.8709677419354839,3.3548387096774195,11.0,803.7741038130825
2025-02-26,Man United,Ipswich,3,2,H,0.8,2.6,1.5,5.46875,4.0,659.9881347611916,0.8,4.2,1.1666666666666667,2.9166666666666665,1.0,0.0
2025-02-27,West Ham,Leicester,2,0,H,0.6,2.8,1.46875,4.34375,4.0,217.69565622876203,0.4,2.6,1.1666666666666667,3.0833333333333335,3.0,0.0
2025-03-08,Nott'm Forest,Man City,1,0,H,2.2,4.4,1.53125,4.28125,4.0,809.6284761554405,1.8,5.4,2.121212121212121,6.909090909090909,9.0,477.0084577871289
2025-03-08,Brighton,Fulham,2,1,H,1.8,5.4,1.53125,5.375,9.0,503.2663789470587,1.2,4.4,1.375,4.59375,9.0,609.295744859963
2025-03-08,Crystal Palace,Ipswich,1,0,H,2.0,5.0,1.606060606060606,5.090909090909091,9.0,366.42737089542743,1.2,4.0,1.2307692307692308,2.923076923076923,1.0,0.0
2025-03-08,Liverpool,Southampton,3,1,H,2.0,3.4,2.40625,7.96875,11.0,371.3332813280965,0.8,3.2,0.7142857142857143,2.7142857142857144,3.0,0.0
2025-03-08,Brentford,Aston Villa,0,1,A,1.6,4.8,1.7878787878787878,5.0,10.0,45.961101492303314,1.2,4.2,1.34375,3.84375,5.0,131.92660310781764
2025-03-08,Wolves,Everton,1,1,D,1.0,4.6,1.34375,4.40625,6.0,501.11621503600395,2.2,5.6,0.875,3.375,9.0,763.4567002590328
2025-03-09,Man United,Arsenal,1,1,D,1.2,3.6,1.5454545454545454,5.484848484848484,7.0,687.8165757836312,1.6,3.6,2.0303030303030303,4.545454545454546,10.0,328.56359889053726
2025-03-09,Chelsea,Leicester,1,0,H,1.6,4.8,2.1875,6.65625,6.0,605.8022783015065,0.4,2.2,1.0769230769230769,3.0,3.0,0.0
2025-03-09,Tottenham,Bournemouth,2,2,D,1.6,5.4,2.0,6.0606060606060606,9.0,200.53992012853425,1.8,5.6,1.6666666666666667,5.0,6.0,370.1286268739361
2025-03-10,West Ham,Newcastle,0,1,A,1.0,3.2,1.4848484848484849,4.2727272727272725,7.0,221.81014336684873,1.6,3.8,1.7575757575757576,4.393939393939394,6.0,331.13838956912554
2025-03-15,Bournemouth,Brentford,1,2,A,1.2,5.2,1.375,5.46875,4.0,128.3129794770265,1.2,4.2,1.40625,4.4375,7.0,35.13946605719079
2025-03-15,Everton,West Ham,1,1,D,1.6,5.0,1.2727272727272727,4.696969696969697,7.0,656.6739266704033,0.8,2.8,1.34375,3.59375,6.0,117.85656773271383
2025-03-15,Ipswich,Nott'm Forest,2,4,A,1.0,5.0,0.7142857142857143,3.857142857142857,1.0,0.0,2.4,4.4,1.3333333333333333,4.0606060606060606,7.0,654.35135374643
2025-03-15,Man City,Brighton,2,2,D,1.2,4.8,2.46875,6.625,6.0,579.7092640751861,2.2,6.0,1.5151515151515151,5.090909090909091,12.0,300.70626948609356
2025-03-15,Southampton,Wolves,1,2,A,0.8,3.0,0.6923076923076923,3.4615384615384617,3.0,0.0,1.2,4.4,1.3333333333333333,4.151515151515151,7.0,388.59785176775773
2025-03-16,Leicester,Man United,0,3,A,0.0,2.2,0.7857142857142857,3.0714285714285716,0.0,0.0,1.2,4.6,1.21875,4.15625,5.0,525.1674276863675
2025-03-16,Arsenal,Chelsea,1,0,H,1.6,4.2,2.34375,6.46875,8.0,276.85486217046304,1.6,5.4,1.7878787878787878,4.909090909090909,9.0,443.7312551407492
2025-03-16,Fulham,Tottenham,2,0,H,1.4,4.0,1.5454545454545454,4.787878787878788,9.0,757.3314388655732,1.8,5.0,1.90625,5.0625,10.0,24.69925762161721
2025-04-01,Arsenal,Fulham,2,1,H,0.8,3.6,2.303030303030303,6.393939393939394,8.0,325.7342135104824,1.4,4.0,1.3636363636363635,4.484848484848484,9.0,551.3974771400799
2025-04-01,Wolves,West Ham,1,0,H,1.2,4.0,1.3333333333333333,4.363636363636363,7.0,388.59785176775773,0.8,2.8,1.3333333333333333,3.6363636363636362,7.0,197.3524312314035
2025-04-01,Nott'm Forest,Man United,1,0,H,1.8,3.8,1.5151515151515151,4.2727272727272725,7.0,499.07423133741975,1.8,5.2,1.2727272727272727,4.181818181818182,8.0,362.51827958910405
2025-04-02,Southampton,Crystal Palace,1,1,D,0.6,2.8,0.7142857142857143,3.4285714285714284,0.0,0.0,2.0,4.8,1.21875,4.3125,12.0,356.28621023576227
2025-04-02,Bournemouth,Ipswich,1,2,A,1.4,5.6,1.3636363636363635,5.454545454545454,4.0,225.75583881345304,1.2,4.6,1.1428571428571428,3.2857142857142856,1.0,0.0
2025-04-02,Brighton,Aston Villa,0,3,A,2.6,5.6,1.5454545454545454,5.333333333333333,13.0,352.39520110570515,1.4,4.4,1.3333333333333333,3.8484848484848486,8.0,131.0066352783537
2025-04-02,Man City,Leicester,2,0,H,1.4,4.6,2.4545454545454546,6.515151515151516,7.0,478.0509410881365,0.0,2.6,1.0,3.0,0.0,0.0
2025-04-02,Newcastle,Brentford,2,1,H,1.2,2.6,2.28125,5.84375,6.0,511.22736771836855,1.6,4.2,1.4242424242424243,4.424242424242424,10.0,109.4199098058573
2025-04-02,Liverpool,Everton,1,0,H,2.2,4.0,2.4242424242424243,7.9393939393939394,13.0,178.49188767190427,1.4,5.4,0.8787878787878788,3.393939393939394,7.0,724.8228284114068
2025-04-03,Chelsea,Tottenham,1,0,H,1.2,5.2,2.1515151515151514,6.666666666666667,6.0,287.84023466166127,1.4,5.4,1.8484848484848484,5.03030303030303,7.0,23.504085065065095
2025-04-05,West Ham,Bournemouth,2,2,D,0.8,2.4,1.4411764705882353,4.205882352941177,7.0,257.0222705810203,1.0,5.6,1.6764705882352942,5.088235294117647,1.0,225.75583881345304
2025-04-05,Ipswich,Wolves,1,2,A,1.4,4.4,0.8,3.8666666666666667,3.0,0.0,1.2,3.6,1.3529411764705883,4.117647058823529,10.0,321.04141725307375
2025-04-05,Aston Villa,Nott'm Forest,2,1,H,1.8,4.2,2.1470588235294117,5.411764705882353,10.0,163.59305101394142,1.8,3.8,1.411764705882353,4.117647058823529,10.0,390.75330129977453
2025-04-05,Everton,Arsenal,1,1,D,1.0,4.2,1.2647058823529411,4.705882352941177,4.0,539.4006987981967,0.8,3.4,2.0,4.588235294117647,8.0,325.7342135104824
2025-04-05,Crystal Palace,Brighton,2,1,H,1.8,4.8,1.588235294117647,5.0588235294117645,10.0,186.04413099032388,2.0,5.4,1.5294117647058822,5.029411764705882,10.0,404.08413272531675
2025-04-06,Man United,Man City,0,0,D,1.8,5.2,1.5294117647058822,5.5,8.0,263.7193294745566,1.0,4.2,2.0588235294117645,6.794117647058823,7.0,318.4244003758472
2025-04-06,Tottenham,Southampton,3,1,H,1.2,4.4,2.0,6.0,4.0,12.55661662502692,0.6,2.4,0.7333333333333333,2.8,1.0,0.0
2025-04-06,Brentford,Chelsea,0,0,D,1.6,3.8,1.7352941176470589,4.9411764705882355,7.0,390.3860138920341,1.4,6.2,1.7352941176470589,4.823529411764706,9.0,250.94841745320062
2025-04-06,Fulham,Liverpool,3,2,H,1.2,2.6,1.5588235294117647,4.764705882352941,6.0,310.06447996736637,2.0,4.0,2.2058823529411766,5.823529411764706,13.0,177.8929978918587
2025-04-07,Leicester,Newcastle,0,3,A,0.0,2.2,0.7333333333333333,3.066666666666667,0.0,0.0,1.4,2.6,1.7352941176470589,4.352941176470588,9.0,757.7841984606143
2025-04-12,Man City,Crystal Palace,5,2,H,1.0,4.2,2.4411764705882355,6.470588235294118,8.0,322.409883369706,2.0,4.2,1.2121212121212122,4.2727272727272725,13.0,15.802051744885429
2025-04-12,Brighton,Leicester,2,2,D,1.4,4.0,1.5,5.294117647058823,7.0,441.15312351503724,0.0,2.0,0.9333333333333333,2.8,0.0,0.0
2025-04-12,Nott'm Forest,Everton,0,1,A,1.4,3.4,1.5,4.205882352941177,10.0,185.36318564801718,0.8,3.0,0.8529411764705882,3.2941176470588234,4.0,353.9785691849866
2025-04-12,Southampton,Aston Villa,0,3,A,0.8,3.0,0.7333333333333333,3.3333333333333335,1.0,0.0,1.8,5.0,1.3823529411764706,3.8823529411764706,12.0,301.03293203864985
2025-04-12,Arsenal,Brentford,1,1,D,1.0,4.0,2.2941176470588234,6.323529411764706,9.0,502.89690827338904,0.8,3.0,1.411764705882353,4.382352941176471,5.0,625.2348958921068
2025-04-13,Chelsea,Ipswich,2,2,D,1.2,5.8,2.1176470588235294,6.617647058823529,10.0,117.74506807358235,1.4,3.8,1.2,3.2,3.0,0.0
2025-04-13,Liverpool,West Ham,2,1,H,2.0,4.6,2.3823529411764706,7.794117647058823,12.0,277.69004673555446,1.0,2.6,1.2941176470588236,3.5588235294117645,5.0,368.4162182750659
2025-04-13,Wolves,Tottenham,4,2,H,1.4,4.0,1.3235294117647058,4.294117647058823,10.0,128.79334351500336,1.0,4.8,1.7941176470588236,4.9411764705882355,4.0,22.575531663826183
2025-04-13,Newcastle,Man United,4,1,H,2.0,3.4,2.272727272727273,5.787878787878788,12.0,652.0476144831194,1.4,5.0,1.2352941176470589,4.235294117647059,8.0,147.92889291283967
2025-04-14,Bournemouth,Fulham,1,0,H,1.4,5.8,1.3529411764705883,5.5,2.0,322.2855310414619,1.8,3.8,1.3529411764705883,4.4411764705882355,9.0,317.43243487343386
2025-04-16,Newcastle,Crystal Palace,5,0,H,2.0,3.6,2.323529411764706,5.794117647058823,12.0,546.3110305056246,2.0,3.8,1.2352941176470589,4.235294117647059,10.0,177.24794852484345
2025-04-19,West Ham,Southampton,1,1,D,0.8,3.0,1.457142857142857,4.171428571428572,2.0,544.3907092862222,0.8,3.0,0.75,2.875,1.0,0.0
2025-04-19,Everton,Man City,0,2,A,0.8,3.2,1.2571428571428571,4.628571428571429,6.0,261.8003135425878,1.8,5.0,2.0,6.742857142857143,8.0,168.6399900010146
2025-04-19,Aston Villa,Newcastle,4,1,H,2.0,5.8,2.142857142857143,5.485714285714286,12.0,301.03293203864985,3.0,5.0,1.7714285714285714,4.371428571428571,15.0,426.64580889148885
2025-04-19,Brentford,Brighton,4,2,H,0.8,2.8,1.6857142857142857,4.857142857142857,5.0,634.1544209963506,1.4,4.6,1.5142857142857142,5.0285714285714285,5.0,478.2221143047577
2025-04-19,Crystal Palace,Bournemouth,0,0,D,1.2,3.4,1.6,5.0,7.0,275.0835066298956,1.4,5.4,1.6857142857142857,5.057142857142857,5.0,341.8116157927506
2025-04-20,Fulham,Chelsea,1,2,A,1.4,4.2,1.6,4.8,6.0,292.3056776385719,0.8,5.6,1.6857142857142857,4.828571428571428,8.0,20.833068653518875
2025-04-20,Ipswich,Arsenal,0,4,A,1.4,4.0,0.8125,3.75,4.0,0.0,1.2,4.4,1.9714285714285715,4.6,9.0,575.0139294763071
2025-04-20,Man United,Wolves,0,1,A,1.0,4.8,1.4857142857142858,5.4,5.0,228.04711305222781,2.0,4.0,1.3714285714285714,4.2,13.0,0.0
2025-04-20,Leicester,Liverpool,0,1,A,0.4,2.8,0.6875,3.0,1.0,0.0,2.0,5.0,2.2,5.828571428571428,12.0,386.7704395971677
2025-04-21,Tottenham,Nott'm Forest,1,2,A,1.4,4.4,2.0285714285714285,6.057142857142857,4.0,133.54211389819437,1.4,4.0,1.4,4.085714285714285,9.0,86.6216728540476
2025-04-22,Man City,Aston Villa,2,1,H,2.2,5.8,2.5142857142857142,6.542857142857143,11.0,97.59796712334561,2.6,7.2,1.4285714285714286,4.057142857142857,15.0,192.5895354599851
2025-04-23,Arsenal,Crystal Palace,2,2,D,1.8,4.6,2.257142857142857,6.228571428571429,11.0,514.9637035311071,1.0,2.6,1.2,4.228571428571429,5.0,530.2898529831136
2025-04-26,Chelsea,Everton,1,0,H,1.0,5.8,2.1142857142857143,6.685714285714286,8.0,22.23522902428932,0.6,3.0,0.8571428571428571,3.342857142857143,5.0,236.08742793476856
2025-04-26,Brighton,West Ham,3,2,H,1.4,4.4,1.5142857142857142,5.3428571428571425,2.0,522.5501333049218,1.0,3.4,1.2857142857142858,3.5714285714285716,3.0,724.4796874354653
2025-04-26,Newcastle,Ipswich,3,0,H,3.0,5.0,2.4,5.828571428571428,12.0,417.3084481777896,1.4,2.4,1.25,3.25,4.0,0.0
2025-04-26,Southampton,Fulham,1,2,A,0.8,3.0,0.6875,3.25,2.0,0.0,1.4,4.2,1.3142857142857143,4.514285714285714,6.0,231.03706710050028
2025-04-26,Wolves,Leicester,3,0,H,2.0,3.8,1.4,4.314285714285714,15.0,60.66887473582418,0.4,2.2,1.0,3.0,1.0,0.0
2025-04-27,Bournemouth,Man United,1,1,D,1.0,4.6,1.3428571428571427,5.428571428571429,5.0,379.3203502198603,0.8,4.0,1.2285714285714286,4.257142857142857,4.0,335.99377421405546
2025-04-27,Liverpool,Tottenham,5,1,H,1.8,6.4,2.3714285714285714,7.742857142857143,12.0,355.27936753163624,1.2,4.8,1.8,4.914285714285715,3.0,244.50869613256256
2025-05-01,Nott'm Forest,Brentford,0,2,A,1.6,3.8,1.457142857142857,4.228571428571429,9.0,189.32247914210478,1.6,3.8,1.4,4.314285714285714,8.0,643.0739461005944
2025-05-02,Man City,Wolves,1,0,H,2.2,6.4,2.5,6.527777777777778,13.0,71.28853280849398,2.2,4.4,1.3611111111111112,4.138888888888889,15.0,121.33774947164837
2025-05-03,Aston Villa,Fulham,1,0,H,2.6,7.0,2.1944444444444446,5.583333333333333,12.0,250.32719092907752,1.4,4.4,1.3333333333333333,4.527777777777778,6.0,188.27007674721239
2025-05-03,Everton,Ipswich,2,2,D,0.4,2.6,1.2222222222222223,4.583333333333333,4.0,346.62341510869305,1.0,1.6,1.1764705882352942,3.0588235294117645,4.0,0.0
2025-05-03,Leicester,Southampton,2,0,H,0.4,2.0,0.6470588235294118,2.823529411764706,1.0,0.0,0.8,3.0,0.7647058823529411,2.9411764705882355,2.0,0.0
2025-05-03,Arsenal,Bournemouth,1,2,A,2.0,5.0,2.25,6.222222222222222,9.0,354.3253895258134,1.0,3.8,1.6388888888888888,5.027777777777778,6.0,370.6955973108498
2025-05-04,West Ham,Tottenham,1,1,D,1.2,3.2,1.4444444444444444,4.166666666666667,2.0,590.6957114379225,1.4,4.6,1.7777777777777777,4.861111111111111,3.0,408.64136771683536
2025-05-04,Chelsea,Liverpool,3,1,H,1.2,6.8,2.0833333333333335,6.694444444444445,11.0,17.4573867133905,2.2,6.6,2.1666666666666665,5.944444444444445,12.0,355.27936753163624
2025-05-04,Brentford,Man United,4,3,H,1.6,3.6,1.75,4.944444444444445,8.0,664.2890373382681,0.4,4.2,1.2222222222222223,4.305555555555555,2.0,525.453906115962
2025-05-04,Brighton,Newcastle,1,1,D,1.6,5.6,1.5555555555555556,5.444444444444445,4.0,364.8360859424276,3.2,5.2,1.75,4.333333333333333,12.0,341.5032348710876
2025-05-05,Crystal Palace,Nott'm Forest,1,1,D,1.2,2.8,1.5555555555555556,4.861111111111111,5.0,541.1547734863831,0.8,3.6,1.4166666666666667,4.055555555555555,6.0,292.023285430162
2025-05-10,Fulham,Everton,1,3,A,1.2,4.4,1.5833333333333333,4.694444444444445,6.0,281.46176829040337,0.8,3.2,0.8333333333333334,3.3333333333333335,5.0,524.7094142435756
2025-05-10,Ipswich,Brentford,0,1,A,1.0,2.2,0.7647058823529411,3.5294117647058822,2.0,0.0,2.2,4.2,1.4166666666666667,4.277777777777778,11.0,477.481188362505
2025-05-10,Southampton,Man City,0,0,D,0.6,3.0,0.7058823529411765,3.235294117647059,1.0,0.0,2.0,5.8,2.0,6.75,13.0,71.28853280849398
2025-05-10,Wolves,Brighton,0,2,A,2.0,4.2,1.4444444444444444,4.361111111111111,12.0,183.08695530130075,1.8,5.2,1.5277777777777777,4.972222222222222,5.0,162.7940195797692
2025-05-10,Bournemouth,Aston Villa,0,1,A,1.2,2.8,1.3333333333333333,5.305555555555555,9.0,464.6511086601631,2.2,6.6,1.4166666666666667,4.027777777777778,12.0,274.5584628331183
2025-05-11,Tottenham,Crystal Palace,0,2,A,1.6,4.6,2.0,6.055555555555555,4.0,587.3281854953079,1.0,2.8,1.2222222222222223,4.222222222222222,3.0,552.0196939896524
2025-05-11,Liverpool,Arsenal,2,2,D,2.2,6.4,2.4444444444444446,7.75,9.0,533.3991262044901,1.8,5.0,2.0277777777777777,4.666666666666667,6.0,354.3253895258134
2025-05-11,Nott'm Forest,Leicester,2,2,D,0.8,4.0,1.4166666666666667,4.25,4.0,407.4104521402296,0.8,2.8,0.9411764705882353,2.9411764705882355,4.0,0.0
2025-05-11,Newcastle,Chelsea,2,0,H,2.8,5.2,2.4166666666666665,5.805555555555555,10.0,632.8345446116491,1.6,7.2,1.6944444444444444,4.916666666666667,11.0,11.277384031721228
2025-05-11,Man United,West Ham,0,2,A,1.0,4.0,1.4444444444444444,5.305555555555555,2.0,550.5057593545409,1.4,3.4,1.3055555555555556,3.5833333333333335,3.0,569.4072282632194
2025-05-16,Aston Villa,Tottenham,2,0,H,2.0,5.6,2.1621621621621623,5.513513513513513,12.0,259.70786694969513,1.0,3.2,1.7567567567567568,4.783783783783784,1.0,582.3346513629346
2025-05-16,Chelsea,Man United,1,0,H,1.6,6.8,2.108108108108108,6.702702702702703,10.0,255.58253105905314,1.0,4.6,1.2702702702702702,4.324324324324325,1.0,650.6823117377154
2025-05-18,Everton,Southampton,2,0,H,1.2,4.2,1.2432432432432432,4.54054054054054,7.0,702.3167896192467,0.4,2.2,0.7222222222222222,2.888888888888889,2.0,0.0
2025-05-18,West Ham,Nott'm Forest,1,2,A,1.4,3.6,1.4324324324324325,4.108108108108108,5.0,617.7028899308623,1.0,4.2,1.4054054054054055,4.054054054054054,5.0,479.48678242327344
2025-05-18,Brentford,Fulham,2,3,A,2.4,4.8,1.8108108108108107,4.972972972972973,13.0,230.47339105139315,0.8,4.4,1.2972972972972974,4.486486486486487,3.0,374.65345983359435
2025-05-18,Leicester,Ipswich,2,0,H,1.2,3.6,0.7222222222222222,2.888888888888889,5.0,0.0,0.8,2.6,1.2222222222222223,3.1666666666666665,2.0,0.0
2025-05-18,Arsenal,Newcastle,1,0,H,2.0,5.4,2.2162162162162162,6.162162162162162,6.0,353.7672670657887,2.4,5.2,1.7297297297297298,4.351351351351352,10.0,924.1658543522105
2025-05-19,Brighton,Liverpool,3,2,H,2.0,4.6,1.5405405405405406,5.351351351351352,8.0,273.76072279565904,2.2,6.2,2.135135135135135,5.837837837837838,10.0,533.8792011115258
2025-05-20,Crystal Palace,Wolves,4,2,H,1.0,4.2,1.5405405405405406,4.8108108108108105,6.0,396.9295951948805,1.6,3.4,1.3243243243243243,4.054054054054054,9.0,244.83616113095314
2025-05-20,Man City,Bournemouth,3,1,H,2.0,5.8,2.4594594594594597,6.405405405405405,13.0,67.30304981463517,0.8,2.8,1.6486486486486487,4.945945945945946,8.0,462.0769277814676
2025-05-25,Wolves,Brentford,1,1,D,1.2,3.0,1.4054054054054055,4.324324324324325,6.0,364.62518962288345,2.6,5.6,1.4054054054054055,4.297297297297297,12.0,221.55386594714935
2025-05-25,Tottenham,Brighton,1,4,A,0.6,2.6,1.945945945945946,5.918918918918919,1.0,570.7410155384155,2.2,5.6,1.5405405405405406,4.891891891891892,10.0,384.72742601154886
2025-05-25,Southampton,Arsenal,1,2,A,0.4,2.2,0.6666666666666666,3.0555555555555554,2.0,0.0,2.0,5.6,2.027027027027027,4.72972972972973,8.0,353.2091446057641
2025-05-25,Nott'm Forest,Chelsea,0,1,A,1.4,4.2,1.4324324324324325,4.243243243243243,8.0,543.9021064587886,1.4,5.6,1.6486486486486487,4.864864864864865,12.0,499.88767808638505
2025-05-25,Newcastle,Everton,0,1,A,1.4,4.8,2.4054054054054053,5.8108108108108105,7.0,1168.6355354033553,1.4,4.2,0.8918918918918919,3.4324324324324325,7.0,797.1526814581267
2025-05-25,Liverpool,Crystal Palace,1,1,D,2.2,6.0,2.4324324324324325,7.675675675675675,7.0,571.5219315627419,1.8,5.4,1.2432432432432432,4.378378378378378,9.0,305.44983507501445
2025-05-25,Ipswich,West Ham,1,3,A,0.4,2.2,0.7222222222222222,3.5555555555555554,1.0,0.0,1.4,3.8,1.3243243243243243,3.5945945945945947,5.0,601.4180082813942
2025-05-25,Fulham,Man City,0,2,A,1.4,4.4,1.5675675675675675,4.72972972972973,6.0,290.9569811792418,1.6,5.0,1.945945945945946,6.702702702702703,13.0,63.317566820776364
2025-05-25,Bournemouth,Leicester,2,0,H,0.8,2.6,1.2972972972972974,5.27027027027027,5.0,556.0319692302676,1.2,3.0,1.0,3.111111111111111,7.0,0.0
2025-05-25,Man United,Aston Villa,2,0,H,0.8,3.8,1.4054054054054055,5.297297297297297,1.0,705.6814680259598,1.8,5.0,1.4054054054054055,4.0,12.0,382.29715209098043
2025-08-15,Liverpool,Bournemouth,4,2,H,2.2,4.6,2.3947368421052633,7.552631578947368,5.0,786.804345779776,1.2,3.2,1.631578947368421,4.868421052631579,7.0,657.6985964796604
2025-08-16,Wolves,Man City,0,4,A,1.2,3.8,1.394736842105263,4.368421052631579,4.0,423.7453433789896,1.6,4.6,1.9473684210526316,6.657894736842105,13.0,193.4660782646829
2025-08-16,Tottenham,Burnley,3,0,H,0.6,1.8,1.9210526315789473,5.815789473684211,1.0,559.1473797138963,1.6,5.4,1.1578947368421053,3.6315789473684212,4.0,451.5968562045543
2025-08-16,Sunderland,West Ham,3,0,H,0.0,0.0,0.0,0.0,0.0,0.0,1.8,4.2,1.368421052631579,3.6578947368421053,7.0,421.3290301321513
2025-08-16,Aston Villa,Newcastle,0,0,D,1.0,3.4,2.1578947368421053,5.552631578947368,9.0,450.34104591873603,1.2,5.4,1.6842105263157894,4.368421052631579,7.0,1242.3535990189562
2025-08-16,Brighton,Fulham,1,1,D,2.6,6.6,1.5789473684210527,5.526315789473684,13.0,391.708779011691,1.2,4.8,1.3421052631578947,4.552631578947368,6.0,207.26050252488915
2025-08-17,Chelsea,Crystal Palace,0,0,D,1.2,4.4,2.0789473684210527,6.605263157894737,12.0,606.8378246420955,2.0,6.4,1.236842105263158,4.394736842105263,9.0,235.69917712832535
2025-08-17,Nott'm Forest,Brentford,3,1,H,1.0,4.0,1.394736842105263,4.184210526315789,5.0,548.9274606332702,2.0,5.4,1.394736842105263,4.368421052631579,10.0,321.71759976756175
2025-08-17,Man United,Arsenal,0,1,A,1.2,5.4,1.4210526315789473,5.421052631578948,4.0,760.6806243142041,1.6,5.8,2.026315789473684,4.815789473684211,8.0,353.2091446057641
2025-08-18,Leeds,Everton,1,0,H,0.0,0.0,0.0,0.0,0.0,0.0,1.6,4.8,0.8947368421052632,3.5,10.0,833.0553037534003
2025-08-22,West Ham,Chelsea,1,5,A,1.4,4.2,1.4210526315789473,4.131578947368421,7.0,374.4686115658508,1.0,3.6,1.631578947368421,4.7894736842105265,10.0,713.787971197806
2025-08-23,Arsenal,Leeds,5,0,H,1.4,5.2,2.1842105263157894,6.105263157894737,10.0,513.8474586110577,1.0,3.0,0.0,0.0,3.0,0.0
2025-08-23,Brentford,Aston Villa,1,0,H,1.8,5.4,1.8157894736842106,5.0,7.0,263.59003647950254,0.8,3.4,1.368421052631579,3.9210526315789473,10.0,449.8256488422867
2025-08-23,Burnley,Sunderland,2,0,H,0.8,4.4,1.0,3.8421052631578947,1.0,585.1108509327902,3.0,5.0,0.0,0.0,3.0,0.0
2025-08-23,Man City,Tottenham,0,2,A,2.0,4.2,2.473684210526316,6.368421052631579,13.0,273.70113555669525,1.0,2.4,1.7105263157894737,4.684210526315789,4.0,383.86025187536694
2025-08-23,Bournemouth,Wolves,1,0,H,1.4,3.6,1.3157894736842106,5.315789473684211,6.0,761.1285637903147,0.6,3.2,1.3421052631578947,4.026315789473684,1.0,363.07646864316547
2025-08-24,Crystal Palace,Nott'm Forest,1,1,D,1.6,6.4,1.605263157894737,4.947368421052632,9.0,402.95401529790985,1.6,4.0,1.4210526315789473,4.078947368421052,8.0,446.2266543452131
2025-08-24,Everton,Brighton,2,0,H,1.6,4.4,1.263157894736842,4.552631578947368,10.0,773.6434104505827,2.2,5.6,1.605263157894737,4.973684210526316,11.0,398.69013201183316
2025-08-24,Fulham,Man United,1,1,D,1.0,4.2,1.5263157894736843,4.684210526315789,4.0,250.02749287817704,1.0,5.6,1.236842105263158,4.2368421052631575,3.0,571.2204924122976
2025-08-25,Newcastle,Liverpool,2,3,A,0.6,5.0,2.3421052631578947,5.815789473684211,5.0,1242.3535990189564,2.0,5.0,2.1315789473684212,5.815789473684211,5.0,786.804345779776
2025-08-30,Leeds,Newcastle,0,0,D,0.5,2.0,1.0,3.0,3.0,0.0,0.8,4.6,1.641025641025641,4.333333333333333,4.0,1121.7739067139387
2025-08-30,Wolves,Everton,2,3,A,0.6,3.2,1.358974358974359,4.333333333333333,1.0,430.12060632851643,1.6,4.4,0.8717948717948718,3.4358974358974357,12.0,594.9585215356545
2025-08-30,Tottenham,Bournemouth,0,1,A,1.2,3.0,1.9487179487179487,5.82051282051282,6.0,361.52665008867405,1.2,4.0,1.641025641025641,4.82051282051282,6.0,859.4211261790718
2025-08-30,Man United,Burnley,3,2,H,0.6,5.2,1.3846153846153846,5.461538461538462,4.0,648.7675613257821,1.0,3.4,1.1,3.65,3.0,726.7270620943177
2025-08-30,Chelsea,Fulham,2,0,H,1.4,3.6,2.0256410256410255,6.512820512820513,10.0,722.2670335891928,1.2,4.4,1.3333333333333333,4.487179487179487,5.0,192.2348367822064
2025-08-30,Sunderland,Brentford,2,1,H,1.5,3.0,3.0,5.0,3.0,0.0,1.2,4.6,1.3846153846153846,4.333333333333333,7.0,263.59003647950254
2025-08-31,Brighton,Man City,2,1,H,2.0,6.0,1.564102564102564,5.487179487179487,10.0,614.5561645251187,1.8,4.6,2.0,6.589743589743589,10.0,335.45034138634765
2025-08-31,Nott'm Forest,West Ham,0,3,A,1.6,3.4,1.435897435897436,4.205128205128205,8.0,446.2266543452131,1.4,4.6,1.3333333333333333,3.6666666666666665,6.0,327.6081929995503
2025-08-31,Liverpool,Arsenal,1,0,H,2.4,5.4,2.4358974358974357,7.615384615384615,8.0,728.3498087210579,2.2,5.4,2.0,4.769230769230769,13.0,674.4857726163514
2025-08-31,Aston Villa,Crystal Palace,0,3,A,0.6,3.2,2.1025641025641026,5.487179487179487,7.0,479.053726814044,1.6,6.6,1.205128205128205,4.384615384615385,9.0,399.42744670569317
2025-09-13,Newcastle,Wolves,1,0,H,0.4,3.8,2.3333333333333335,5.743589743589744,2.0,830.4425969733772,1.0,3.4,1.3076923076923077,3.948717948717949,1.0,497.1647440138674
2025-09-13,Brentford,Chelsea,2,2,D,1.2,4.4,1.794871794871795,4.923076923076923,4.0,263.59003647950254,1.8,4.2,1.7179487179487178,4.846153846153846,13.0,482.20441730815753
2025-09-13,West Ham,Tottenham,0,3,A,1.6,5.4,1.4102564102564104,4.128205128205129,6.0,271.530256962314,1.2,3.0,1.7179487179487178,4.6923076923076925,6.0,514.2566455447983
2025-09-13,Fulham,Leeds,1,0,H,1.0,3.8,1.5128205128205128,4.666666666666667,5.0,93.07735070371832,0.3333333333333333,1.6666666666666667,0.0,1.0,4.0,0.0
2025-09-13,Everton,Aston Villa,0,0,D,1.6,3.8,1.2820512820512822,4.512820512820513,12.0,484.9011581209413,0.4,3.4,1.3333333333333333,3.871794871794872,4.0,454.25181054872104
2025-09-13,Crystal Palace,Sunderland,0,0,D,1.8,5.4,1.5897435897435896,4.923076923076923,9.0,493.6140194267291,1.6666666666666667,3.0,0.0,1.0,6.0,0.0
2025-09-13,Bournemouth,Brighton,2,1,H,1.4,4.4,1.3076923076923077,5.282051282051282,9.0,862.908474166185,2.0,7.0,1.564102564102564,4.948717948717949,10.0,682.386503032794
2025-09-13,Arsenal,Nott'm Forest,3,0,H,1.8,4.2,2.2564102564102564,6.076923076923077,12.0,674.4857726163514,1.2,3.2,1.4102564102564104,4.0,7.0,446.2266543452131
2025-09-14,Burnley,Liverpool,0,1,A,1.2,3.0,1.05,3.75,3.0,726.7270620943177,2.2,5.0,2.1538461538461537,5.769230769230769,10.0,669.8952716623398
2025-09-14,Man City,Man United,3,0,H,2.0,4.2,2.41025641025641,6.3076923076923075,9.0,537.492407749006,1.2,5.4,1.2307692307692308,4.205128205128205,7.0,651.1899310946711
2025-09-20,Fulham,Brentford,3,1,H,0.6,3.0,1.5,4.625,5.0,91.40890626130273,1.2,4.0,1.375,4.325,5.0,263.59003647950254
2025-09-20,Man United,Chelsea,2,1,H,1.2,5.6,1.425,5.475,7.0,492.22959663845796,2.0,4.8,1.725,4.875,11.0,237.8992702808256
2025-09-20,Wolves,Leeds,1,3,A,0.6,3.4,1.375,4.325,1.0,543.4794741660965,0.25,2.0,0.0,2.0,4.0,0.0
2025-09-20,West Ham,Crystal Palace,1,2,A,1.4,5.2,1.375,4.125,6.0,215.45232092507783,1.0,4.6,1.25,4.375,7.0,587.8005921477651
2025-09-20,Burnley,Nott'm Forest,1,1,D,1.0,2.4,1.0,3.5714285714285716,3.0,573.3596370189586,0.8,2.4,1.375,3.925,4.0,443.5461674426628
2025-09-20,Brighton,Tottenham,2,2,D,1.6,5.0,1.575,5.525,7.0,611.3544165039038,1.8,3.8,1.75,4.7,9.0,419.90908004137526
2025-09-20,Liverpool,Everton,2,1,H,2.0,4.8,2.4,7.5,13.0,493.4726984585665,1.2,3.2,0.925,3.45,10.0,374.8437947062281
2025-09-21,Bournemouth,Newcastle,0,0,D,1.6,5.0,1.325,5.275,12.0,769.8665998258027,0.6,3.6,1.6,4.275,5.0,585.9729159222325
2025-09-21,Sunderland,Aston Villa,1,1,D,1.25,2.25,2.5,4.0,7.0,0.0,0.0,2.2,1.3,3.8,2.0,410.08902423239874
2025-09-21,Arsenal,Man City,1,1,D,2.2,4.4,2.275,6.05,12.0,674.4857726163514,2.0,4.4,1.975,6.5,9.0,739.5344741116644
2025-09-27,Tottenham,Wolves,1,1,D,2.0,4.0,1.9,5.7,10.0,367.39655219782674,0.6,3.4,1.275,3.925,0.0,589.7942043183253
2025-09-27,Nott'm Forest,Sunderland,0,1,A,1.0,3.6,1.4,4.175,5.0,513.9179429230078,1.2,2.6,0.0,0.5,8.0,0.0
2025-09-27,Man City,Burnley,5,1,H,1.8,4.0,2.425,6.3,7.0,737.3537199696591,1.0,2.8,1.1428571428571428,3.619047619047619,4.0,397.3407395850232
2025-09-27,Brentford,Man United,3,1,H,1.2,3.2,1.8,4.9,4.0,157.57738236803243,1.2,4.4,1.2,4.15,7.0,333.2692621822447
2025-09-27,Crystal Palace,Liverpool,2,1,H,1.2,4.2,1.55,4.95,9.0,412.4860644009012,2.2,4.8,2.125,5.725,15.0,317.0501252547932
2025-09-27,Chelsea,Brighton,1,3,A,2.0,4.6,2.025,6.5,8.0,289.7737416827192,1.2,4.2,1.55,4.875,5.0,637.0486519803178
2025-09-27,Leeds,Bournemouth,2,2,D,0.8,2.4,0.5,2.0,7.0,0.0,1.2,4.0,1.625,4.85,10.0,579.3818661489938
2025-09-28,Aston Villa,Fulham,3,1,H,0.2,2.4,2.05,5.45,3.0,420.4716292296062,1.2,3.0,1.3,4.45,8.0,88.33830144811668
2025-09-28,Newcastle,Arsenal,1,2,A,0.6,2.6,2.3,5.7,6.0,634.6282542683035,2.0,3.4,1.95,4.675,10.0,674.4857726163514
2025-09-29,Everton,West Ham,1,1,D,1.2,2.4,1.25,4.45,7.0,256.1696888741632,1.0,4.6,1.375,3.775,3.0,215.45232092507783
2025-10-03,Bournemouth,Fulham,3,1,H,1.2,4.4,1.2926829268292683,5.195121951219512,11.0,387.1337924109235,1.2,3.4,1.2926829268292683,4.439024390243903,7.0,146.13095754408732
2025-10-04,Chelsea,Liverpool,2,1,H,2.2,4.6,2.0,6.414634146341464,7.0,344.3672522063103,1.6,3.6,2.097560975609756,5.682926829268292,12.0,502.5058136613222
2025-10-04,Man United,Sunderland,2,0,H,1.4,4.2,1.4390243902439024,5.439024390243903,7.0,493.49604051061925,0.8,2.2,0.3333333333333333,1.3333333333333333,8.0,0.0
2025-10-04,Leeds,Tottenham,1,2,A,1.0,3.4,1.0,4.0,5.0,0.0,1.6,3.4,1.7560975609756098,4.658536585365853,8.0,418.70592419813306
2025-10-04,Arsenal,West Ham,2,0,H,2.2,4.2,2.2439024390243905,5.975609756097561,10.0,758.3171396622025,1.2,4.4,1.3658536585365855,3.7560975609756095,4.0,396.0967154889211
2025-10-05,Aston Villa,Burnley,2,1,H,0.8,2.6,2.073170731707317,5.414634146341464,5.0,352.42773540185055,1.2,2.4,1.1363636363636365,3.5454545454545454,4.0,242.48511598163932
2025-10-05,Everton,Crystal Palace,2,1,H,1.4,3.4,1.2439024390243902,4.487804878048781,8.0,137.49558304209833,1.6,4.8,1.2682926829268293,4.341463414634147,11.0,244.5074663877125
2025-10-05,Newcastle,Nott'm Forest,2,0,H,0.8,2.6,2.268292682926829,5.634146341463414,5.0,757.0016562299757,0.4,3.8,1.3658536585365855,4.024390243902439,2.0,587.9914855207742
2025-10-05,Wolves,Brighton,1,1,D,0.8,3.4,1.3658536585365855,4.365853658536586,1.0,700.7607865526935,1.6,4.0,1.5853658536585367,4.829268292682927,7.0,628.8110998701416
2025-10-05,Brentford,Man City,0,1,A,1.6,4.2,1.829268292682927,4.975609756097561,7.0,112.45838004782489,2.0,4.8,1.951219512195122,6.414634146341464,7.0,785.0864199795478
2025-10-18,Sunderland,Wolves,2,0,H,0.8,2.6,2.0,4.0,8.0,0.0,1.0,3.8,1.2682926829268293,3.902439024390244,2.0,682.9340252720583
2025-10-18,Fulham,Arsenal,0,1,A,1.2,3.4,1.5365853658536586,4.585365853658536,6.0,225.9532523320847,1.6,4.2,1.951219512195122,4.7317073170731705,10.0,842.1485067080537
2025-10-18,Man City,Everton,2,0,H,2.2,4.8,2.4878048780487805,6.341463414634147,10.0,882.7685684104674,1.4,4.2,0.926829268292683,3.4146341463414633,8.0,137.49558304209833
2025-10-18,Nott'm Forest,Chelsea,0,3,A,0.2,4.4,1.3658536585365855,4.219512195121951,1.0,614.6566680316998,1.6,4.4,1.7073170731707317,4.780487804878049,7.0,335.8881898149235
2025-10-18,Burnley,Leeds,2,0,H,1.0,2.4,1.0,3.6363636363636362,1.0,135.02550945190887,1.2,4.0,1.0,2.6666666666666665,5.0,0.0
2025-10-18,Brighton,Newcastle,2,1,H,1.8,4.4,1.5853658536585367,5.487804878048781,8.0,525.4634306251022,0.8,3.8,1.5609756097560976,4.195121951219512,8.0,586.2500387944319
2025-10-18,Crystal Palace,Bournemouth,3,3,D,1.6,5.6,1.5609756097560976,5.0,10.0,423.1901338699155,1.6,4.8,1.6341463414634145,4.853658536585366,11.0,194.8857186728531
2025-10-19,Tottenham,Aston Villa,1,2,A,1.6,3.0,1.8780487804878048,5.634146341463414,8.0,260.9505478355828,1.2,3.6,1.2926829268292683,3.7560975609756095,8.0,254.64036652588834
2025-10-19,Liverpool,Man United,1,2,A,1.2,3.2,2.3902439024390243,7.390243902439025,9.0,390.17894395823913,1.6,4.8,1.1951219512195121,4.195121951219512,9.0,491.07367074173027
2025-10-20,West Ham,Brentford,0,2,A,1.0,3.6,1.3658536585365855,4.097560975609756,4.0,573.2594102518278,1.4,4.0,1.3658536585365855,4.2926829268292686,4.0,6.141209626372086
2025-10-24,Leeds,West Ham,2,1,H,1.2,4.6,1.0,4.0,4.0,0.0,0.4,2.2,1.3333333333333333,3.6666666666666665,1.0,469.6477369273756
2025-10-25,Chelsea,Sunderland,1,2,A,1.8,4.4,2.0,6.404761904761905,7.0,435.7614343500177,0.8,2.4,0.25,1.75,8.0,0.0
2025-10-25,Newcastle,Fulham,2,1,H,1.0,4.0,2.261904761904762,5.714285714285714,7.0,877.5813485349934,1.2,2.8,1.2857142857142858,4.428571428571429,6.0,311.3181754288529
2025-10-25,Man United,Brighton,4,2,H,1.4,4.4,1.4523809523809523,5.4523809523809526,9.0,356.06469021170216,1.8,4.0,1.5714285714285714,4.857142857142857,8.0,457.63309211742694
2025-10-25,Brentford,Liverpool,3,2,H,1.6,4.6,1.7857142857142858,4.880952380952381,7.0,18.300124937411212,1.2,3.8,2.0714285714285716,5.595238095238095,6.0,448.63348101695726
2025-10-26,Everton,Tottenham,0,3,A,0.8,3.6,1.2619047619047619,4.5476190476190474,5.0,101.00546471148292,1.8,3.4,1.7619047619047619,4.619047619047619,8.0,103.19517147303267
2025-10-26,Wolves,Burnley,2,3,A,0.6,3.6,1.3571428571428572,4.333333333333333,2.0,554.1406817570551,1.0,2.4,1.1304347826086956,3.4782608695652173,4.0,201.94239237107928
2025-10-26,Arsenal,Crystal Palace,1,0,H,1.8,5.0,2.238095238095238,5.9523809523809526,13.0,672.9118893112392,1.6,6.2,1.2619047619047619,4.428571428571429,8.0,500.7677566845064
2025-10-26,Aston Villa,Man City,1,0,H,1.6,3.2,2.0714285714285716,5.4523809523809526,11.0,256.2259440597751,2.4,5.6,1.9285714285714286,6.357142857142857,13.0,840.157856308381
2025-10-26,Bournemouth,Nott'm Forest,2,0,H,2.0,4.6,1.3333333333333333,5.214285714285714,9.0,186.26096576384253,0.2,4.2,1.3333333333333333,4.023809523809524,1.0,641.3218505426257
2025-11-01,Brighton,Leeds,3,0,H,2.0,4.6,1.5952380952380953,5.476190476190476,8.0,583.1895941016718,1.6,5.0,0.75,3.0,7.0,0.0
2025-11-01,Burnley,Arsenal,0,2,A,1.6,3.8,1.0434782608695652,3.608695652173913,7.0,262.20276198427575,1.4,4.6,1.9285714285714286,4.738095238095238,13.0,503.6752719144247
2025-11-01,Crystal Palace,Brentford,2,0,H,1.6,5.2,1.5952380952380953,5.0476190476190474,7.0,403.1892806091111,1.8,5.4,1.380952380952381,4.357142857142857,9.0,30.45904024845034
2025-11-01,Fulham,Wolves,3,0,H,1.2,3.2,1.5,4.476190476190476,3.0,558.6169671368637,1.0,4.4,1.2380952380952381,3.880952380952381,2.0,388.0369231128957
2025-11-01,Nott'm Forest,Man United,2,2,D,0.2,4.8,1.3333333333333333,4.166666666666667,1.0,691.5532993916473,2.2,5.8,1.2142857142857142,4.190476190476191,12.0,379.71937478507874
2025-11-01,Tottenham,Chelsea,0,1,A,1.8,3.2,1.8571428571428572,5.571428571428571,8.0,274.01045307352376,1.6,4.6,1.7380952380952381,4.809523809523809,6.0,539.8772096314085
2025-11-01,Liverpool,Aston Villa,2,0,H,1.4,4.0,2.357142857142857,7.357142857142857,3.0,584.75401996759,1.8,3.6,1.3095238095238095,3.7142857142857144,13.0,277.17239164466105
2025-11-02,West Ham,Newcastle,3,1,H,0.6,2.0,1.3333333333333333,4.023809523809524,1.0,361.9215764648367,1.2,4.6,1.5476190476190477,4.166666666666667,7.0,1168.9126582755548
2025-11-02,Man City,Bournemouth,3,1,H,1.8,5.2,2.4761904761904763,6.357142857142857,10.0,706.6750808499276,2.0,4.6,1.6666666666666667,4.857142857142857,9.0,177.63621285483197
2025-11-03,Sunderland,Everton,1,1,D,1.2,3.2,2.0,3.5,10.0,0.0,0.8,3.6,0.9047619047619048,3.357142857142857,4.0,64.51534638086751
2025-11-08,Sunderland,Arsenal,2,2,D,1.2,3.0,1.8,3.4,10.0,0.0,1.6,5.6,1.930232558139535,4.813953488372093,15.0,681.7732078573085
2025-11-08,West Ham,Burnley,3,2,H,1.0,3.2,1.372093023255814,4.1395348837209305,4.0,361.9215764648367,1.4,2.8,1.2083333333333333,3.625,6.0,345.1146039560485
2025-11-08,Chelsea,Wolves,3,0,H,1.6,6.2,1.9767441860465116,6.4186046511627906,9.0,389.66934634183315,0.8,3.6,1.2093023255813953,3.8372093023255816,2.0,333.82700517113693
2025-11-08,Tottenham,Man United,2,2,D,1.4,2.8,1.813953488372093,5.465116279069767,7.0,402.9906970141403,2.2,6.4,1.2325581395348837,4.255813953488372,10.0,435.78411773642006
2025-11-08,Everton,Fulham,2,0,H,0.8,3.6,1.2325581395348837,4.488372093023256,5.0,63.916456600821945,1.2,3.8,1.2790697674418605,4.441860465116279,3.0,807.3179192156448
2025-11-09,Aston Villa,Bournemouth,4,0,H,1.6,3.8,2.046511627906977,5.395348837209302,12.0,276.58852774182037,2.2,5.2,1.6511627906976745,4.8604651162790695,8.0,368.1209465316408
2025-11-09,Brentford,Newcastle,3,1,H,1.6,5.2,1.813953488372093,4.953488372093023,9.0,38.210070870376825,1.4,5.2,1.5348837209302326,4.162790697674419,6.0,1122.3444696205845
2025-11-09,Crystal Palace,Brighton,0,0,D,1.6,5.0,1.6046511627906976,4.976744186046512,7.0,403.91304045271534,2.2,5.2,1.5813953488372092,4.8604651162790695,10.0,708.7460960859166
2025-11-09,Nott'm Forest,Leeds,3,1,H,0.4,3.8,1.3488372093023255,4.1395348837209305,1.0,668.7324858577739,1.0,4.6,0.6,2.8,4.0,0.0
2025-11-09,Man City,Liverpool,3,0,H,2.2,6.2,2.488372093023256,6.395348837209302,12.0,615.6078310418432,1.4,4.2,2.0697674418604652,5.5813953488372094,3.0,720.8745589182226
2025-11-22,Newcastle,Man City,2,1,H,1.4,4.8,2.255813953488372,5.744186046511628,6.0,841.3783655344077,1.8,5.8,1.8837209302325582,6.3023255813953485,12.0,455.98129032955376
2025-11-22,Wolves,Crystal Palace,0,2,A,0.6,3.0,1.372093023255814,4.395348837209302,1.0,224.26258330753922,1.2,4.0,1.2325581395348837,4.348837209302325,5.0,393.7718797930502
2025-11-22,Liverpool,Nott'm Forest,0,3,A,1.2,3.6,2.3488372093023258,7.27906976744186,3.0,566.9099425772251,1.0,3.8,1.302325581395349,4.023255813953488,4.0,594.6589432600074
2025-11-22,Brighton,Brentford,2,1,H,1.6,5.2,1.627906976744186,5.511627906976744,8.0,702.7432669855073,1.6,5.0,1.3488372093023255,4.3023255813953485,9.0,45.96110149230331
2025-11-22,Bournemouth,West Ham,2,2,D,1.8,5.0,1.3488372093023255,5.209302325581396,7.0,436.68023743584575,1.4,3.8,1.3255813953488371,3.6511627906976742,6.0,181.27718190099338
2025-11-22,Burnley,Chelsea,0,2,A,1.6,3.8,1.0,3.4583333333333335,6.0,504.9792469126538,2.0,7.2,1.7209302325581395,4.906976744186046,12.0,236.7424439305604
2025-11-22,Fulham,Sunderland,1,0,H,1.0,3.8,1.5348837209302326,4.511627906976744,3.0,884.9645379221031,1.4,2.8,0.6,2.2,8.0,0.0
2025-11-23,Leeds,Aston Villa,1,2,A,0.8,3.6,1.2,4.2,3.0,0.0,1.8,4.6,1.2790697674418605,3.697674418604651,12.0,354.4311626639427
2025-11-23,Arsenal,Tottenham,4,1,H,1.6,5.6,2.2093023255813953,5.883720930232558,13.0,615.4014627490476,1.6,3.0,1.7906976744186047,4.604651162790698,7.0,351.68132501383405
2025-11-24,Man United,Everton,0,1,A,2.4,5.6,1.5116279069767442,5.534883720930233,11.0,378.2581456961027,1.0,3.4,0.9069767441860465,3.3255813953488373,7.0,63.317566820776364
2025-11-29,Tottenham,Fulham,1,2,A,1.4,2.8,1.8181818181818181,5.431818181818182,4.0,355.53967548925385,1.0,4.2,1.25,4.431818181818182,6.0,940.5815179365346
2025-11-29,Everton,Newcastle,1,4,A,0.8,2.2,1.25,4.5,7.0,91.14600784321586,1.4,4.0,1.5227272727272727,4.090909090909091,6.0,1088.3861628455195
2025-11-29,Man City,Leeds,3,2,H,1.8,5.8,2.5,6.386363636363637,9.0,402.2865200464767,0.8,3.8,0.6666666666666666,2.8333333333333335,3.0,0.0
2025-11-29,Brentford,Burnley,3,1,H,1.8,5.6,1.8409090909090908,5.0,9.0,90.28912049246745,1.4,3.8,1.24,3.76,6.0,617.4478727956058
2025-11-29,Sunderland,Bournemouth,3,2,H,1.4,2.6,1.8333333333333333,3.1666666666666665,8.0,0.0,1.6,5.8,1.6136363636363635,4.840909090909091,5.0,559.269522577131
2025-11-30,Crystal Palace,Man United,1,2,A,1.4,3.2,1.5681818181818181,4.909090909090909,8.0,327.5398888917248,2.0,5.6,1.25,4.204545454545454,8.0,376.8805434274756
2025-11-30,Aston Villa,Wolves,1,0,H,1.8,3.8,2.090909090909091,5.454545454545454,12.0,354.4311626639427,0.4,2.6,1.1818181818181819,3.75,0.0,225.81436434141727
2025-11-30,Nott'm Forest,Brighton,0,2,A,1.6,4.4,1.3863636363636365,4.181818181818182,7.0,535.544839649581,1.8,5.0,1.5454545454545454,4.818181818181818,10.0,627.2938945069814
2025-11-30,West Ham,Liverpool,0,2,A,1.8,4.2,1.4090909090909092,4.181818181818182,7.0,100.6441793660956,1.0,4.0,2.022727272727273,5.4772727272727275,3.0,591.0626627317039
2025-11-30,Chelsea,Arsenal,1,1,D,2.0,7.0,2.0,6.454545454545454,12.0,417.61540338557626,2.0,6.2,1.9318181818181819,4.863636363636363,13.0,370.9317816979028
2025-12-02,Bournemouth,Everton,0,1,A,1.4,6.0,1.3636363636363635,5.318181818181818,4.0,470.4514161497151,1.0,2.4,0.9090909090909091,3.272727272727273,7.0,87.31566545526717
2025-12-02,Fulham,Man City,4,5,A,1.4,4.8,1.5227272727272727,4.545454545454546,9.0,864.9688907232526,2.0,6.2,1.8636363636363635,6.25,9.0,348.59174976339966
2025-12-02,Newcastle,Tottenham,2,2,D,2.0,5.0,2.25,5.7272727272727275,9.0,916.3278487170686,1.4,2.6,1.7727272727272727,4.545454545454546,4.0,359.3980259646736
2025-12-03,Liverpool,Sunderland,1,1,D,1.2,3.8,2.2954545454545454,7.204545454545454,6.0,593.0318822080931,1.6,3.4,0.5,2.1666666666666665,8.0,0.0
2025-12-03,Arsenal,Brentford,2,0,H,2.0,6.0,2.25,5.931818181818182,11.0,369.74382947350455,2.0,5.0,1.3409090909090908,4.295454545454546,9.0,122.45822418159244
2025-12-03,Brighton,Aston Villa,3,4,A,1.8,5.2,1.6363636363636365,5.5,10.0,629.6113352444179,1.6,4.6,1.2954545454545454,3.6818181818181817,12.0,255.05821625409368
2025-12-03,Burnley,Crystal Palace,0,1,A,1.2,3.6,0.96,3.4,3.0,706.3027104122764,1.0,2.4,1.25,4.340909090909091,7.0,261.30789799039945
2025-12-03,Wolves,Nott'm Forest,0,1,A,0.4,2.8,1.3409090909090908,4.318181818181818,0.0,237.5559676059937,1.6,4.6,1.3409090909090908,4.090909090909091,7.0,476.43073603915457
2025-12-03,Leeds,Chelsea,3,1,H,1.2,3.8,1.1666666666666667,4.333333333333333,3.0,0.0,1.6,6.6,1.7272727272727273,4.909090909090909,10.0,490.1360559141112
2025-12-04,Man United,West Ham,1,1,D,2.0,6.0,1.4772727272727273,5.545454545454546,8.0,519.4824551056786,1.8,4.0,1.3409090909090908,3.6136363636363638,7.0,193.0593844560178
2025-12-06,Aston Villa,Arsenal,2,1,H,2.2,6.0,2.066666666666667,5.466666666666667,12.0,293.12515086895314,2.2,6.8,1.9111111111111112,4.844444444444444,11.0,368.55587724910623
2025-12-06,Bournemouth,Chelsea,0,0,D,1.0,5.4,1.3333333333333333,5.2444444444444445,1.0,381.63330972229903,1.6,5.6,1.711111111111111,4.844444444444444,10.0,381.78374898763025
2025-12-06,Everton,Nott'm Forest,3,0,H,1.2,2.6,1.2444444444444445,4.444444444444445,10.0,248.4982757010712,1.8,4.4,1.3333333333333333,4.066666666666666,10.0,369.3432207635379
2025-12-06,Man City,Sunderland,3,0,H,3.0,6.2,2.511111111111111,6.444444444444445,12.0,441.8397537134894,1.4,3.8,0.5714285714285714,2.7142857142857144,6.0,0.0
2025-12-06,Newcastle,Burnley,2,1,H,2.0,5.0,2.2444444444444445,5.7555555555555555,7.0,744.2695345886177,0.6,3.0,1.2307692307692308,3.6923076923076925,0.0,801.814061334921
2025-12-06,Tottenham,Brentford,2,0,H,1.2,2.2,1.8,5.355555555555555,2.0,425.17325533123966,1.4,3.6,1.3111111111111111,4.222222222222222,6.0,119.21883397479712
2025-12-06,Leeds,Liverpool,3,3,D,1.4,3.8,1.4285714285714286,4.428571428571429,3.0,0.0,1.0,3.6,2.022222222222222,5.466666666666667,7.0,598.1404803934425
2025-12-07,Brighton,West Ham,1,1,D,2.0,5.6,1.6666666666666667,5.533333333333333,10.0,577.4043605264997,1.8,4.0,1.3333333333333333,3.6,8.0,356.8634809557929
2025-12-07,Fulham,Crystal Palace,1,2,A,2.0,5.0,1.5777777777777777,4.5777777777777775,9.0,627.4223948987278,1.2,2.8,1.2444444444444445,4.311111111111111,10.0,438.52702008391725
2025-12-08,Wolves,Man United,1,4,A,0.0,1.6,1.3111111111111111,4.2444444444444445,0.0,249.29757087057013,1.4,5.0,1.2666666666666666,4.2444444444444445,6.0,662.0843667838817
2025-12-13,Chelsea,Everton,2,0,H,1.4,4.6,1.9777777777777779,6.4,8.0,459.8814917315067,1.6,3.2,0.9111111111111111,3.2666666666666666,12.0,441.33966935726346
2025-12-13,Liverpool,Brighton,2,0,H,1.2,4.2,2.2666666666666666,7.133333333333334,5.0,423.16010042954895,1.6,5.0,1.5555555555555556,4.844444444444444,8.0,374.84425106553454
2025-12-13,Burnley,Fulham,2,3,A,0.8,3.6,0.9230769230769231,3.423076923076923,0.0,804.4674052296946,1.6,4.6,1.2666666666666666,4.4,6.0,378.7214428199467
2025-12-13,Arsenal,Wolves,2,1,H,2.0,7.0,2.2444444444444445,5.955555555555556,8.0,290.69708899369016,0.2,1.6,1.1555555555555554,3.7555555555555555,0.0,137.40373016816955
2025-12-14,Brentford,Leeds,1,1,D,1.4,3.4,1.8666666666666667,4.977777777777778,6.0,112.25554901510438,2.0,4.4,0.8571428571428571,3.0,4.0,0.0
2025-12-14,West Ham,Aston Villa,2,3,A,1.4,3.2,1.3777777777777778,4.088888888888889,6.0,559.423590416758,2.6,6.6,1.3555555555555556,3.8222222222222224,15.0,352.7223969715393
2025-12-14,Sunderland,Newcastle,1,0,H,1.2,3.4,2.0,3.5714285714285716,5.0,0.0,2.2,5.6,1.5777777777777777,4.177777777777778,10.0,497.7127038463719
2025-12-14,Nott'm Forest,Tottenham,3,0,H,1.4,4.4,1.3555555555555556,4.155555555555556,9.0,282.2150000955311,1.6,3.4,1.7777777777777777,4.488888888888889,5.0,490.9484846978057
2025-12-14,Crystal Palace,Man City,0,3,A,1.2,3.4,1.5555555555555556,4.866666666666666,10.0,608.3493188462512,3.0,5.8,1.9333333333333333,6.2,12.0,535.0877576635792
2025-12-15,Man United,Bournemouth,4,4,D,1.8,5.6,1.4666666666666666,5.511111111111111,8.0,662.7030155745058,0.8,5.4,1.6222222222222222,4.866666666666666,2.0,191.14857604549022
2025-12-20,Leeds,Crystal Palace,4,1,H,2.0,4.6,1.625,4.5,5.0,0.0,1.2,3.8,1.2608695652173914,4.326086956521739,9.0,616.2503447186939
2025-12-20,Everton,Arsenal,0,1,A,1.2,2.6,1.2826086956521738,4.456521739130435,9.0,620.0245582721915,2.0,6.0,1.891304347826087,4.934782608695652,10.0,212.83830073827414
2025-12-20,Wolves,Brentford,0,2,A,0.4,2.0,1.3043478260869565,4.195652173913044,0.0,247.76053246267344,1.0,2.4,1.2826086956521738,4.1521739130434785,4.0,113.78354239080045
2025-12-20,Tottenham,Liverpool,1,2,A,1.2,2.8,1.8043478260869565,5.391304347826087,4.0,593.6492909858629,1.6,4.8,2.0434782608695654,5.5,8.0,391.66902836401755
2025-12-20,Brighton,Sunderland,0,0,D,1.6,4.6,1.6521739130434783,5.5,7.0,553.0576744928483,1.0,3.2,0.5,2.5,7.0,0.0
2025-12-20,Bournemouth,Burnley,1,1,D,1.6,6.4,1.3043478260869565,5.239130434782608,3.0,312.0494170431918,0.8,3.8,1.2222222222222223,3.6666666666666665,0.0,709.0046743090838
2025-12-20,Newcastle,Chelsea,2,2,D,2.0,5.8,2.239130434782609,5.782608695652174,10.0,485.5537885353327,1.2,4.0,1.673913043478261,4.826086956521739,8.0,537.9792344753831
2025-12-20,Man City,West Ham,3,0,H,3.0,5.8,2.5217391304347827,6.434782608695652,12.0,704.4346803159799,1.2,2.6,1.326086956521739,3.630434782608696,3.0,606.2840089830585
2025-12-21,Aston Villa,Man United,2,1,H,2.4,5.8,2.0652173913043477,5.478260869565218,15.0,378.83333768355186,2.2,7.0,1.326086956521739,4.369565217391305,8.0,620.6710840222727
2025-12-22,Fulham,Nott'm Forest,1,0,H,2.2,4.6,1.565217391304348,4.565217391304348,9.0,381.2023969298332,1.4,4.4,1.3043478260869565,4.043478260869565,9.0,365.585373412368
2025-12-26,Man United,Newcastle,1,0,H,2.4,7.0,1.5217391304347827,5.586956521739131,8.0,529.8658017902808,2.0,5.8,1.5434782608695652,4.130434782608695,8.0,238.5459912242209
2025-12-27,West Ham,Fulham,0,1,A,0.8,2.8,1.391304347826087,4.065217391304348,2.0,672.4832116241021,2.2,3.6,1.3043478260869565,4.391304347826087,9.0,383.68335103971975
2025-12-27,Chelsea,Aston Villa,1,2,A,1.2,3.8,1.9782608695652173,6.369565217391305,6.0,605.6479536927893,2.4,6.0,1.391304347826087,3.8260869565217392,15.0,482.7869133176867
2025-12-27,Liverpool,Wolves,2,1,H,2.0,4.8,2.260869565217391,7.065217391304348,11.0,535.4650841370153,0.4,2.2,1.1521739130434783,3.717391304347826,0.0,247.0011318597015
2025-12-27,Burnley,Everton,0,0,D,1.0,3.6,0.9629629629629629,3.5925925925925926,1.0,739.6180314783107,1.0,2.6,0.8913043478260869,3.239130434782609,6.0,770.8810061646801
2025-12-27,Brentford,Bournemouth,4,1,H,1.2,2.8,1.8478260869565217,4.913043478260869,7.0,178.53878231529245,1.4,4.6,1.673913043478261,4.956521739130435,3.0,378.92026380381304
2025-12-27,Arsenal,Brighton,2,1,H,1.4,4.8,2.239130434782609,5.869565217391305,10.0,390.0009955011808,1.2,4.4,1.5217391304347827,4.760869565217392,5.0,731.271097920162
2025-12-27,Nott'm Forest,Man City,1,2,A,0.8,3.4,1.391304347826087,4.195652173913044,6.0,390.96805783944626,3.4,6.6,1.9565217391304348,6.195652173913044,15.0,768.0450189908858
2025-12-28,Sunderland,Leeds,1,1,D,1.0,4.0,1.875,3.25,8.0,0.0,2.6,5.2,0.875,3.125,8.0,0.0
2025-12-28,Crystal Palace,Tottenham,0,1,A,1.0,3.6,1.5217391304347827,4.8478260869565215,6.0,496.46131622676353,1.2,3.2,1.7391304347826086,4.413043478260869,4.0,692.4917467985003
2025-12-30,Man United,Wolves,1,1,D,2.2,6.6,1.5106382978723405,5.553191489361702,8.0,427.66761637259805,0.6,2.2,1.148936170212766,3.723404255319149,0.0,302.8159631098091
2025-12-30,Arsenal,Aston Villa,4,1,H,1.6,5.2,2.234042553191489,5.872340425531915,12.0,560.9836875824182,2.6,6.4,1.4042553191489362,3.9148936170212765,15.0,583.9354443828404
2025-12-30,West Ham,Brighton,2,2,D,0.8,3.2,1.3617021276595744,4.0212765957446805,2.0,738.6824142651457,1.0,3.8,1.5106382978723405,4.723404255319149,2.0,628.8168070352249
2025-12-30,Chelsea,Bournemouth,2,2,D,1.2,3.6,1.9574468085106382,6.297872340425532,5.0,673.3166729101955,1.2,5.4,1.6595744680851063,5.0638297872340425,3.0,464.0223429875921
2025-12-30,Burnley,Newcastle,1,3,A,0.8,3.2,0.9285714285714286,3.4642857142857144,2.0,772.8361125402773,1.2,4.8,1.5106382978723405,4.1063829787234045,5.0,227.21965677393808
2025-12-30,Nott'm Forest,Everton,0,2,A,1.0,3.2,1.3829787234042554,4.148936170212766,6.0,416.35074226652455,0.8,3.4,0.8723404255319149,3.297872340425532,7.0,781.7394805590445
2026-01-01,Crystal Palace,Fulham,1,1,D,0.8,3.4,1.4893617021276595,4.787234042553192,6.0,376.6722877348332,2.0,3.8,1.297872340425532,4.382978723404255,9.0,382.3980275464149
2026-01-01,Liverpool,Leeds,0,0,D,2.0,4.6,2.25531914893617,7.0,11.0,530.6632338263015,2.4,5.6,0.8888888888888888,3.4444444444444446,9.0,0.0
2026-01-01,Brentford,Tottenham,0,0,D,1.4,3.4,1.8936170212765957,4.957446808510638,7.0,243.29402223978445,1.2,3.6,1.7234042553191489,4.404255319148936,7.0,702.8902201807093
2026-01-01,Sunderland,Man City,0,0,D,0.6,3.4,1.7777777777777777,3.2222222222222223,6.0,0.0,3.2,5.8,1.9574468085106382,6.170212765957447,15.0,720.2766527386307
2026-01-03,Bournemouth,Arsenal,2,3,A,1.6,6.2,1.297872340425532,5.148936170212766,4.0,468.25887463268225,2.0,5.2,1.872340425531915,4.872340425531915,12.0,554.8036849007489
2026-01-03,Wolves,West Ham,3,0,H,0.8,2.8,1.2765957446808511,4.148936170212766,1.0,318.71452741246804,1.0,3.4,1.297872340425532,3.617021276595745,2.0,574.8783177653706
2026-01-03,Brighton,Burnley,2,0,H,0.8,3.6,1.6170212765957446,5.468085106382978,3.0,482.5781594302647,1.0,3.2,1.2142857142857142,3.5714285714285716,2.0,594.41291964586
2026-01-03,Aston Villa,Nott'm Forest,3,1,H,2.0,5.0,2.0638297872340425,5.446808510638298,12.0,452.6755660398012,0.8,3.8,1.2765957446808511,4.0,3.0,368.16113513313087
2026-01-04,Leeds,Man United,1,1,D,1.8,5.0,1.8888888888888888,4.888888888888889,7.0,0.0,2.2,7.0,1.3191489361702127,4.404255319148936,8.0,257.4255371271596
2026-01-04,Everton,Brentford,2,4,A,1.0,3.4,1.2553191489361701,4.382978723404255,7.0,662.9716295006187,1.4,3.6,1.297872340425532,4.191489361702128,8.0,234.37449713554068
2026-01-04,Newcastle,Crystal Palace,2,0,H,1.4,5.2,2.234042553191489,5.76595744680851,7.0,130.59813352040385,0.8,3.2,1.2553191489361701,4.297872340425532,4.0,188.5882451380461
2026-01-04,Tottenham,Sunderland,1,1,D,0.8,3.8,1.7872340425531914,5.361702127659575,7.0,472.09596374233877,0.4,3.0,0.4444444444444444,2.888888888888889,6.0,0.0
2026-01-04,Fulham,Liverpool,2,2,D,1.4,3.6,1.553191489361702,4.48936170212766,10.0,381.38473195182354,1.8,4.6,2.0425531914893615,5.468085106382978,11.0,350.57425567705855
2026-01-04,Man City,Chelsea,1,1,D,2.2,5.8,2.5319148936170213,6.468085106382978,13.0,616.4375756095758,1.4,3.8,1.6808510638297873,4.808510638297872,6.0,673.3166729101955
2026-01-06,West Ham,Nott'm Forest,1,2,A,0.8,2.4,1.375,4.020833333333333,1.0,487.8266431365378,1.0,4.2,1.2708333333333333,4.020833333333333,3.0,343.32306981915116
2026-01-07,Bournemouth,Tottenham,3,2,H,2.0,5.8,1.3125,5.104166666666667,3.0,556.375532415358,0.6,3.4,1.6875,4.375,5.0,242.82970067966428
2026-01-07,Brentford,Sunderland,3,0,H,2.2,4.8,1.8541666666666667,4.895833333333333,11.0,406.0647756193566,0.6,3.4,0.5,2.9,7.0,0.0
2026-01-07,Crystal Palace,Aston Villa,0,0,D,0.4,2.4,1.4791666666666667,4.729166666666667,1.0,263.1073722256608,2.2,4.6,1.3958333333333333,3.8958333333333335,12.0,415.4748327025605
2026-01-07,Everton,Wolves,1,1,D,0.8,3.6,1.2708333333333333,4.416666666666667,4.0,553.5006091612634,1.2,4.0,1.1458333333333333,3.7291666666666665,4.0,379.38340214829225
2026-01-07,Fulham,Chelsea,2,1,H,1.6,3.2,1.5625,4.4375,11.0,389.2857578242662,1.6,3.6,1.6666666666666667,4.770833333333333,6.0,747.271038288277
2026-01-07,Man City,Brighton,1,1,D,1.8,5.2,2.5,6.395833333333333,11.0,454.6302807552811,1.0,3.6,1.5208333333333333,4.75,5.0,529.4385779965652
2026-01-07,Burnley,Man United,2,2,D,0.8,3.2,0.9310344827586207,3.4827586206896552,2.0,730.4029691054023,1.6,5.4,1.3125,4.354166666666667,6.0,196.7566623913354
2026-01-07,Newcastle,Leeds,4,3,H,1.4,5.2,2.2291666666666665,5.791666666666667,7.0,216.16331938695015,1.4,4.6,0.8,3.3,7.0,0.0
2026-01-08,Arsenal,Liverpool,0,0,D,2.4,4.4,2.2708333333333335,5.895833333333333,15.0,548.5200485625945,1.6,3.6,2.0416666666666665,5.395833333333333,11.0,528.2139394428766
2026-01-17,Man United,Man City,2,0,H,1.2,5.6,1.5,5.5625,6.0,158.7392600140874,1.4,5.2,1.9166666666666667,6.125,9.0,285.28335810288036
2026-01-17,Chelsea,Brentford,2,0,H,1.4,3.8,1.9583333333333333,6.229166666666667,3.0,820.961675359896,2.6,5.6,1.3541666666666667,4.25,13.0,569.2637757677837
2026-01-17,Leeds,Fulham,1,0,H,1.8,5.0,1.8,4.7,6.0,0.0,1.4,3.4,1.2916666666666667,4.395833333333333,11.0,208.59853855866285
2026-01-17,Liverpool,Burnley,1,1,D,1.2,2.8,2.2083333333333335,6.9375,9.0,535.5818943489442,0.8,1.8,1.1724137931034482,3.5517241379310347,3.0,866.3930185649444
2026-01-17,Sunderland,Crystal Palace,2,1,H,0.4,3.8,1.6,3.3,4.0,0.0,0.4,2.6,1.2291666666666667,4.229166666666667,2.0,510.41269270643613
2026-01-17,Tottenham,West Ham,1,2,A,1.0,4.0,1.7708333333333333,5.354166666666667,5.0,237.57175372803363,0.6,2.4,1.2708333333333333,3.5416666666666665,1.0,556.4746594023696
2026-01-17,Nott'm Forest,Arsenal,0,0,D,0.8,4.0,1.3541666666666667,4.1875,3.0,363.9062721364491,2.0,4.8,1.8958333333333333,4.875,13.0,542.2364122244401
2026-01-18,Wolves,Newcastle,0,0,D,1.2,4.4,1.3125,4.229166666666667,5.0,335.77334122402146,2.2,6.4,1.5416666666666667,4.208333333333333,10.0,216.16331938695015
2026-01-18,Aston Villa,Everton,0,1,A,1.6,4.4,2.0833333333333335,5.416666666666667,10.0,419.96465364709036,1.0,3.6,0.8958333333333334,3.2916666666666665,5.0,374.8157202463354
2026-01-19,Brighton,Bournemouth,1,1,D,1.2,4.0,1.625,5.4375,6.0,516.1982301421895,1.8,4.6,1.6666666666666667,5.083333333333333,5.0,366.91540051345146
2026-01-24,West Ham,Sunderland,3,1,H,1.0,2.6,1.3673469387755102,4.0,4.0,398.77114543974307,0.8,4.0,0.45454545454545453,2.909090909090909,6.0,0.0
2026-01-24,Burnley,Tottenham,2,2,D,0.8,1.8,0.9666666666666667,3.4,3.0,693.6115856218216,1.0,4.4,1.6938775510204083,4.36734693877551,5.0,232.313806776403
2026-01-24,Fulham,Brighton,2,1,H,1.2,3.4,1.5714285714285714,4.448979591836735,8.0,27.911319293059485,1.4,4.2,1.510204081632653,4.714285714285714,6.0,502.9578822878136
2026-01-24,Man City,Wolves,2,0,H,0.8,3.8,2.4693877551020407,6.387755102040816,6.0,119.92191844433843,1.2,4.4,1.1428571428571428,3.7346938775510203,6.0,292.1632802997508
2026-01-24,Bournemouth,Liverpool,3,2,H,1.8,4.8,1.346938775510204,5.061224489795919,5.0,254.45887608826513,1.0,4.2,2.0,5.285714285714286,7.0,536.8993388132969
2026-01-25,Newcastle,Aston Villa,0,2,A,1.8,5.8,2.2653061224489797,5.836734693877551,10.0,382.26707803110946,1.2,4.6,1.3673469387755102,3.877551020408163,7.0,424.45447459162017
2026-01-25,Arsenal,Man United,2,3,A,1.8,5.0,2.2244897959183674,5.857142857142857,11.0,470.119391021522,1.4,5.8,1.3265306122448979,4.469387755102041,9.0,113.34683854490801
2026-01-25,Brentford,Nott'm Forest,0,2,A,2.2,5.4,1.8775510204081634,4.918367346938775,10.0,464.4170484882178,0.8,3.6,1.2857142857142858,4.040816326530612,4.0,363.3115025613428
2026-01-25,Crystal Palace,Chelsea,1,3,A,0.4,2.4,1.4489795918367347,4.73469387755102,2.0,510.41269270643613,1.4,3.4,1.653061224489796,4.795918367346939,5.0,573.8221570582444
2026-01-26,Everton,Leeds,1,1,D,1.2,4.0,1.2653061224489797,4.36734693877551,8.0,274.5573301563703,1.2,4.4,1.0,3.5454545454545454,6.0,0.0
2026-01-31,Brighton,Everton,1,1,D,1.4,4.6,1.6122448979591837,5.428571428571429,6.0,497.8260287829919,1.4,3.4,0.8979591836734694,3.2857142857142856,8.0,314.2969135645294
2026-01-31,Leeds,Arsenal,0,4,A,1.2,4.0,1.7272727272727273,4.7272727272727275,6.0,0.0,1.8,4.6,1.8571428571428572,4.836734693877551,8.0,398.00236981860405
2026-01-31,Wolves,Bournemouth,0,2,A,1.0,3.8,1.2857142857142858,4.183673469387755,6.0,286.35605161471915,2.2,3.8,1.653061224489796,5.020408163265306,8.0,246.3604043812063
2026-01-31,Chelsea,West Ham,3,2,H,1.8,4.0,1.9591836734693877,6.142857142857143,8.0,332.6188302968751,1.6,3.2,1.2857142857142858,3.5510204081632653,7.0,241.06763147711646
2026-01-31,Liverpool,Newcastle,4,1,H,1.0,4.2,2.183673469387755,7.020408163265306,4.0,553.8602847128382,1.8,6.0,1.510204081632653,4.163265306122449,10.0,440.4241755134411
2026-02-01,Aston Villa,Brentford,0,1,A,1.2,4.6,2.0408163265306123,5.408163265306122,7.0,494.05756096201037,1.4,4.2,1.3265306122448979,4.26530612244898,7.0,359.5703212086519
2026-02-01,Man United,Fulham,3,2,H,1.8,5.6,1.510204081632653,5.591836734693878,9.0,205.94125872244604,1.4,3.4,1.2653061224489797,4.326530612244898,8.0,18.042186532107863
2026-02-01,Nott'm Forest,Crystal Palace,1,1,D,1.0,3.6,1.3265306122448979,4.1020408163265305,7.0,361.3077429451504,0.6,3.4,1.2244897959183674,4.183673469387755,2.0,510.41269270643613
2026-02-01,Tottenham,Man City,2,2,D,1.2,5.8,1.7551020408163265,5.36734693877551,3.0,394.07588035270965,0.8,3.6,1.8775510204081634,6.020408163265306,6.0,65.93918371295743
2026-02-02,Sunderland,Burnley,3,0,H,0.8,3.8,1.6363636363636365,3.6363636363636362,5.0,0.0,1.2,2.6,1.1666666666666667,3.466666666666667,3.0,520.8301526786986
2026-02-06,Leeds,Nott'm Forest,3,1,H,1.2,3.8,1.5833333333333333,4.416666666666667,5.0,0.0,1.2,2.6,1.3,4.0,8.0,467.6249133666032
2026-02-07,Newcastle,Brentford,2,3,A,1.4,4.6,2.22,5.8,7.0,537.4379247690007,1.6,4.2,1.32,4.22,9.0,457.3576900846141
2026-02-07,Wolves,Chelsea,1,3,A,0.8,4.4,1.26,4.24,5.0,320.4650898771361,2.0,4.6,1.68,4.82,10.0,339.9571822079278
2026-02-07,Burnley,West Ham,0,2,A,1.0,1.8,1.0,3.4193548387096775,3.0,520.8301526786986,1.6,3.6,1.3,3.6,6.0,249.54669386850324
2026-02-07,Fulham,Everton,1,2,A,1.6,3.6,1.58,4.44,7.0,170.55017396970626,1.2,3.6,0.9,3.3,6.0,456.08940348004853
2026-02-07,Arsenal,Sunderland,3,0,H,1.8,4.8,2.22,5.82,8.0,398.00236981860405,1.4,4.0,0.5,2.8333333333333335,7.0,0.0
2026-02-07,Man United,Tottenham,2,0,H,2.2,5.6,1.54,5.6,11.0,366.5795727277397,1.6,6.4,1.7,4.5,3.0,559.2731423515324
2026-02-07,Bournemouth,Aston Villa,1,1,D,2.2,3.4,1.38,5.06,10.0,370.9172162511195,1.0,5.0,1.38,3.96,7.0,658.6291757158849
2026-02-08,Brighton,Crystal Palace,0,1,A,1.2,3.8,1.6,5.36,6.0,536.478531998193,0.6,3.6,1.22,4.16,2.0,625.7998594165038
2026-02-08,Liverpool,Man City,1,2,A,1.8,4.8,2.22,7.02,6.0,746.1083584509086,1.2,3.4,1.88,5.96,6.0,165.7263423502678
2026-02-10,West Ham,Man United,1,1,D,2.0,4.4,1.4,4.02,9.0,314.91121849138676,2.4,7.2,1.36,4.44,13.0,366.5795727277397
2026-02-10,Chelsea,Leeds,2,2,D,2.4,5.2,1.98,6.14,12.0,290.4045223154168,1.6,4.2,1.0,3.5833333333333335,7.0,0.0
2026-02-10,Everton,Bournemouth,1,2,A,1.2,3.0,1.26,4.34,9.0,415.4860205164996,2.0,4.6,1.66,5.0,11.0,411.59390198344715
2026-02-10,Tottenham,Newcastle,1,2,A,1.4,5.6,1.76,5.38,2.0,705.7726896004713,1.4,4.0,1.5,4.12,4.0,571.5379605165901
2026-02-11,Aston Villa,Brighton,1,0,H,0.6,5.0,2.0,5.4,5.0,680.9793131697024,0.8,3.4,1.5,4.72,3.0,489.61811343189254
2026-02-11,Crystal Palace,Burnley,2,3,A,0.8,4.2,1.44,4.78,5.0,520.9466478063325,1.0,2.2,1.1290322580645162,3.3548387096774195,3.0,299.27491735261015
2026-02-11,Man City,Fulham,3,0,H,1.4,4.2,2.46,6.34,8.0,341.0134701887971,1.4,3.8,1.28,4.36,6.0,325.2982961945271
2026-02-11,Nott'm Forest,Wolves,0,0,D,1.2,2.8,1.32,4.04,8.0,424.3140769395794,0.4,3.4,1.12,3.68,2.0,259.79621514131196
2026-02-11,Sunderland,Liverpool,0,1,A,1.2,4.0,1.75,3.75,6.0,0.0,1.6,5.2,2.0,5.26,5.0,568.4686746850903
2026-02-12,Brentford,Arsenal,1,1,D,1.4,3.8,1.84,4.84,9.0,452.56067856092216,1.8,4.8,1.9,4.9,8.0,304.04685846929067
2026-02-18,Wolves,Arsenal,2,2,D,0.2,3.2,1.2549019607843137,4.215686274509804,2.0,239.83692053370194,2.0,4.4,1.8823529411764706,4.8431372549019605,8.0,219.0108722242211
2026-02-21,Man City,Newcastle,2,1,H,1.8,4.0,2.4705882352941178,6.313725490196078,10.0,372.5045422543285,1.0,3.4,1.5098039215686274,4.137254901960785,4.0,813.1538523900732
2026-02-21,West Ham,Bournemouth,0,0,D,2.0,4.4,1.392156862745098,4.0,10.0,380.4307004464114,1.8,4.8,1.6666666666666667,4.980392156862745,11.0,604.4352956396394
2026-02-21,Brentford,Brighton,0,2,A,1.0,3.2,1.8235294117647058,4.803921568627451,7.0,524.0198469127982,0.6,3.4,1.4705882352941178,4.686274509803922,2.0,425.0159280939426
2026-02-21,Aston Villa,Leeds,1,1,D,0.8,4.6,1.9803921568627452,5.313725490196078,7.0,695.1252017323229,1.4,3.4,1.0769230769230769,3.4615384615384617,8.0,0.0
2026-02-21,Chelsea,Burnley,1,1,D,2.6,4.8,1.9803921568627452,6.098039215686274,13.0,241.11559072936836,1.2,2.6,1.1875,3.34375,5.0,265.8037246233088
2026-02-22,Crystal Palace,Wolves,1,0,H,1.2,3.8,1.4509803921568627,4.745098039215686,4.0,302.80929224283494,0.6,3.2,1.0980392156862746,3.6666666666666665,2.0,219.87762592609195
2026-02-22,Nott'm Forest,Liverpool,0,1,A,0.8,3.8,1.2941176470588236,4.1568627450980395,6.0,320.3605013054445,1.8,5.8,1.9803921568627452,5.215686274509804,7.0,561.1007197790227
2026-02-22,Sunderland,Fulham,1,3,A,1.2,3.8,1.6153846153846154,3.6153846153846154,6.0,0.0,1.0,3.4,1.2549019607843137,4.333333333333333,3.0,487.1055910488218
2026-02-22,Tottenham,Arsenal,1,4,A,1.2,5.2,1.7450980392156863,5.313725490196078,2.0,767.1790063237922,2.4,4.6,1.8846153846153846,4.826923076923077,8.0,223.04845758888857
2026-02-23,Everton,Man United,0,1,A,1.2,3.8,1.2549019607843137,4.372549019607843,8.0,593.6922856722164,2.2,5.8,1.3529411764705883,4.411764705882353,13.0,507.73219686893856
2026-02-27,Wolves,Aston Villa,2,0,H,0.6,4.4,1.2692307692307692,4.173076923076923,2.0,277.9174485883699,1.0,4.4,1.3725490196078431,3.9607843137254903,8.0,586.6818051536582
2026-02-28,Bournemouth,Sunderland,1,1,D,1.6,5.4,1.3725490196078431,5.137254901960785,11.0,708.0760827267625,1.0,2.8,0.46153846153846156,2.8461538461538463,3.0,0.0
2026-02-28,Burnley,Brentford,3,4,A,1.2,3.2,0.96875,3.46875,5.0,234.2822355211007,1.0,2.8,1.3529411764705883,4.235294117647059,7.0,519.7833152677081
2026-02-28,Liverpool,West Ham,5,2,H,1.8,4.4,2.196078431372549,6.96078431372549,9.0,467.4343930867077,1.6,4.2,1.3137254901960784,3.607843137254902,8.0,375.40531953998544
2026-02-28,Newcastle,Everton,2,3,A,1.2,4.4,2.215686274509804,5.764705882352941,3.0,804.8054701084642,1.0,4.0,0.9215686274509803,3.2941176470588234,5.0,515.2657868472534
2026-02-28,Leeds,Man City,0,1,A,1.4,3.2,1.6923076923076923,4.461538461538462,6.0,0.0,2.2,5.2,1.8823529411764706,5.980392156862745,13.0,368.5190592604697
2026-03-01,Man United,Crystal Palace,2,1,H,2.0,5.0,1.5490196078431373,5.686274509803922,13.0,665.7251190742056,1.2,4.0,1.2156862745098038,4.1568627450980395,7.0,302.80929224283494
2026-03-01,Arsenal,Chelsea,2,1,H,2.8,5.2,2.235294117647059,5.803921568627451,11.0,228.9693662632681,2.4,4.8,1.7058823529411764,4.8431372549019605,11.0,239.71343035859792
2026-03-01,Brighton,Nott'm Forest,2,1,H,0.8,3.8,1.5686274509803921,5.294117647058823,4.0,320.7612306072465,0.8,4.2,1.2941176470588236,4.03921568627451,5.0,212.6343408429056
2026-03-01,Fulham,Tottenham,2,1,H,1.6,4.0,1.5686274509803921,4.411764705882353,6.0,648.9128859031165,1.2,5.0,1.6666666666666667,4.431372549019608,2.0,669.7361469873658
2026-03-03,Bournemouth,Brentford,0,0,D,1.2,5.4,1.3653846153846154,5.134615384615385,9.0,727.6021674780511,1.8,4.0,1.4038461538461537,4.288461538461538,10.0,693.9699765170351
2026-03-03,Everton,Burnley,2,0,H,1.4,4.4,1.2307692307692308,4.365384615384615,7.0,556.1122836344007,1.4,3.0,1.1818181818181819,3.3636363636363638,4.0,376.29535396285576
2026-03-03,Leeds,Sunderland,0,1,A,1.2,2.8,1.5714285714285714,4.285714285714286,5.0,0.0,1.0,3.2,0.5,2.9285714285714284,4.0,0.0
2026-03-03,Wolves,Liverpool,2,1,H,1.0,3.4,1.2830188679245282,4.132075471698113,5.0,335.95727125064786,2.4,5.0,1.9615384615384615,5.1923076923076925,12.0,358.12456495920424
2026-03-04,Newcastle,Man United,2,1,H,1.6,5.0,2.2115384615384617,5.788461538461538,3.0,744.4382954417997,1.8,6.6,1.3461538461538463,4.384615384615385,13.0,532.9152460913515
2026-03-04,Man City,Nott'm Forest,2,2,D,2.0,5.4,2.4615384615384617,6.326923076923077,13.0,364.53357626661085,0.6,4.6,1.2884615384615385,4.038461538461538,2.0,256.6703051644996
2026-03-04,Fulham,West Ham,0,1,A,1.6,4.0,1.5769230769230769,4.403846153846154,6.0,648.9128859031165,1.4,4.0,1.3269230769230769,3.6153846153846154,5.0,550.4689167828026
2026-03-04,Aston Villa,Chelsea,1,4,A,0.6,3.8,1.9615384615384615,5.288461538461538,5.0,427.67179098269077,2.0,4.2,1.6923076923076923,4.8076923076923075,8.0,238.55508112921447
2026-03-04,Brighton,Arsenal,0,1,A,1.0,4.2,1.5769230769230769,5.326923076923077,7.0,322.32225925412274,2.4,4.6,1.9245283018867925,4.867924528301887,11.0,232.82771673868788
2026-03-05,Tottenham,Crystal Palace,1,3,A,1.0,3.0,1.7307692307692308,5.3076923076923075,1.0,504.87170580768685,1.2,3.2,1.2115384615384615,4.134615384615385,7.0,473.0513714882734
2026-03-14,West Ham,Man City,1,1,D,1.2,3.4,1.3653846153846154,3.980769230769231,8.0,719.6295381572339,2.0,6.2,1.8653846153846154,5.961538461538462,13.0,206.7781999040607
2026-03-14,Burnley,Bournemouth,0,0,D,1.4,3.4,1.0303030303030303,3.4545454545454546,4.0,414.98226937965967,0.8,5.0,1.6346153846153846,4.980769230769231,7.0,598.8088239630478
2026-03-14,Sunderland,Brighton,0,1,A,0.6,2.4,1.5714285714285714,3.5,4.0,0.0,0.8,4.4,1.4807692307692308,4.730769230769231,6.0,279.55526890083485
2026-03-14,Arsenal,Everton,2,0,H,2.0,4.0,2.230769230769231,5.788461538461538,11.0,280.7265605967976,1.6,4.6,0.9615384615384616,3.326923076923077,9.0,459.51924673322566
2026-03-14,Chelsea,Newcastle,0,1,A,2.2,4.6,1.9615384615384615,6.019230769230769,8.0,331.45587690562957,1.8,5.6,1.5,4.1923076923076925,6.0,624.7730738276639
2026-03-15,Liverpool,Tottenham,1,1,D,1.8,5.0,2.25,6.961538461538462,9.0,233.4329257358179,0.8,2.6,1.6538461538461537,4.365384615384615,0.0,340.007264628008
2026-03-15,Nott'm Forest,Fulham,0,0,D,0.8,5.2,1.2692307692307692,4.115384615384615,2.0,352.39520110570515,1.2,3.8,1.2884615384615385,4.326923076923077,6.0,486.26373780585294
2026-03-15,Crystal Palace,Leeds,0,0,D,1.6,3.4,1.4423076923076923,4.711538461538462,9.0,516.5133808379533,1.2,3.4,1.0714285714285714,3.5,5.0,0.0
2026-03-15,Man United,Aston Villa,3,1,H,1.4,6.4,1.5576923076923077,5.788461538461538,10.0,480.22359324788556,0.8,3.6,1.3461538461538463,3.980769230769231,5.0,268.6617768117234
2026-03-16,Brentford,Wolves,2,2,D,1.6,4.0,1.7884615384615385,4.769230769230769,8.0,807.8238815974566,1.2,3.4,1.0769230769230769,3.730769230769231,8.0,335.95727125064786
2026-03-20,Bournemouth,Man United,2,2,D,0.6,3.8,1.3396226415094339,5.0754716981132075,7.0,681.6567544044282,1.6,5.6,1.3396226415094339,4.39622641509434,10.0,588.1702544097132
2026-03-21,Brighton,Liverpool,2,1,H,1.0,4.8,1.5471698113207548,5.283018867924528,9.0,279.55526890083485,1.8,5.0,1.9433962264150944,5.226415094339623,10.0,300.98936025050193
2026-03-21,Fulham,Burnley,3,1,H,1.0,3.2,1.5471698113207548,4.415094339622642,7.0,431.9355197462346,1.4,2.8,1.1470588235294117,3.323529411764706,5.0,453.66918479646364
2026-03-21,Everton,Chelsea,3,0,H,1.2,4.6,1.2452830188679245,4.377358490566038,6.0,593.9149511428444,1.6,4.0,1.7358490566037736,4.867924528301887,5.0,320.0860447025369
2026-03-21,Leeds,Brentford,0,0,D,0.6,3.0,1.4666666666666666,4.266666666666667,3.0,0.0,1.4,3.6,1.3773584905660377,4.245283018867925,6.0,722.1743433456919
2026-03-22,Aston Villa,West Ham,2,0,H,0.8,3.2,1.9433962264150944,5.264150943396227,4.0,214.11638549819378,1.0,2.8,1.320754716981132,3.6037735849056602,6.0,548.6257114631698
2026-03-22,Tottenham,Nott'm Forest,0,3,A,1.0,3.8,1.7169811320754718,5.283018867924528,1.0,356.44521640678977,0.6,4.4,1.3018867924528301,4.037735849056604,3.0,410.36341883094497
2026-03-22,Newcastle,Sunderland,1,2,A,1.6,5.8,2.207547169811321,5.773584905660377,9.0,753.6495308859503,0.6,2.6,0.5333333333333333,2.8,4.0,0.0
2026-04-10,West Ham,Wolves,4,0,H,0.8,2.4,1.3584905660377358,3.9245283018867925,5.0,471.5513703101477,1.6,3.6,1.0943396226415094,3.7358490566037736,8.0,396.85092304191045
2026-04-11,Liverpool,Fulham,2,0,H,1.8,5.4,2.2264150943396226,6.90566037735849,7.0,516.271774467536,1.6,3.8,1.2641509433962264,4.245283018867925,10.0,378.4491549295851
2026-04-11,Arsenal,Bournemouth,1,2,A,2.2,5.0,2.2264150943396226,5.811320754716981,13.0,319.70587935066345,0.6,4.0,1.6037735849056605,4.943396226415095,5.0,700.4566347046198
2026-04-11,Brentford,Everton,2,2,D,1.2,3.4,1.7924528301886793,4.735849056603773,6.0,475.16654603458005,1.6,5.2,0.9433962264150944,3.3207547169811322,9.0,592.8713807500342
2026-04-11,Burnley,Brighton,0,2,A,1.0,3.2,1.0,3.411764705882353,2.0,446.2723614652799,1.4,5.6,1.471698113207547,4.716981132075472,12.0,142.1153878761264
2026-04-12,Chelsea,Man City,0,3,A,1.2,4.0,1.9245283018867925,5.962264150943396,4.0,386.2525703492188,1.8,6.0,1.849056603773585,5.962264150943396,11.0,194.21996693458394
2026-04-12,Sunderland,Tottenham,1,0,H,1.0,3.6,1.4666666666666666,3.533333333333333,7.0,0.0,0.8,4.0,1.6415094339622642,4.415094339622642,1.0,372.88316818557155
2026-04-12,Crystal Palace,Newcastle,2,1,H,1.4,2.6,1.4150943396226414,4.622641509433962,7.0,380.4170699525352,1.4,5.6,1.490566037735849,4.2075471698113205,6.0,760.5753176848892
2026-04-12,Nott'm Forest,Aston Villa,1,1,D,1.2,3.8,1.2452830188679245,4.0754716981132075,5.0,513.0642251190022,1.0,4.4,1.3396226415094339,3.943396226415094,4.0,159.5709941846641
2026-04-13,Man United,Leeds,1,2,A,1.8,6.0,1.5849056603773586,5.7924528301886795,10.0,613.8262898118446,0.2,3.4,1.0,3.466666666666667,3.0,0.0
2026-04-18,Brentford,Fulham,0,0,D,1.6,3.6,1.7962962962962963,4.722222222222222,7.0,475.16654603458005,1.0,3.8,1.2407407407407407,4.2407407407407405,7.0,394.28154384110854
2026-04-18,Leeds,Wolves,3,0,H,0.4,3.8,1.375,4.25,5.0,0.0,1.2,3.8,1.0740740740740742,3.7222222222222223,7.0,360.8202312195559
2026-04-18,Newcastle,Bournemouth,1,2,A,1.4,4.8,2.185185185185185,5.7407407407407405,6.0,858.0262876755571,1.0,3.6,1.6111111111111112,4.907407407407407,7.0,613.7677514900897
2026-04-18,Tottenham,Brighton,2,2,D,0.6,4.4,1.6851851851851851,5.2407407407407405,1.0,372.88316818557155,1.4,5.4,1.4814814814814814,4.7407407407407405,12.0,265.8832543262526
2026-04-18,Chelsea,Man United,0,1,A,1.0,4.2,1.8888888888888888,5.907407407407407,3.0,564.9374592641468,1.8,7.2,1.3518518518518519,4.407407407407407,7.0,622.6420271499078
2026-04-19,Man City,Arsenal,2,1,H,1.8,6.6,2.452830188679245,6.339622641509434,11.0,171.2079572604393,2.0,4.8,1.9074074074074074,4.814814814814815,12.0,210.62262042600736
2026-04-19,Nott'm Forest,Burnley,4,1,H,1.4,4.2,1.2407407407407407,4.074074074074074,6.0,615.7650314070594,0.8,3.4,1.1428571428571428,3.3714285714285714,1.0,619.6212288198305
2026-04-19,Everton,Liverpool,1,2,A,2.0,5.8,1.2777777777777777,4.462962962962963,10.0,768.42000970927,2.0,5.6,1.9259259259259258,5.222222222222222,7.0,648.6159430740032
2026-04-19,Aston Villa,Sunderland,4,3,H,1.0,4.6,1.9444444444444444,5.296296296296297,4.0,202.88183061168792,1.0,3.6,0.625,3.0625,10.0,0.0
2026-04-20,Crystal Palace,West Ham,0,0,D,1.4,3.0,1.4259259259259258,4.62962962962963,10.0,343.3480791628147,1.6,3.2,1.2962962962962963,3.5555555555555554,7.0,575.5049459442827
2026-04-21,Brighton,Chelsea,3,0,H,1.4,4.6,1.5555555555555556,5.314814814814815,10.0,397.5741327600239,0.8,4.2,1.7037037037037037,4.851851851851852,3.0,558.7574565824775
2026-04-22,Bournemouth,Leeds,2,2,D,1.2,3.2,1.3518518518518519,5.074074074074074,9.0,761.7077403132256,1.0,4.6,1.0625,3.625,8.0,0.0
2026-04-22,Burnley,Man City,0,1,A,0.4,3.4,0.9714285714285714,3.4571428571428573,1.0,512.821811962581,1.8,6.2,1.8703703703703705,6.0,11.0,333.27898042119654
2026-04-24,Sunderland,Nott'm Forest,0,5,A,1.4,4.2,1.4375,3.4375,9.0,0.0,2.0,4.2,1.3333333333333333,4.092592592592593,9.0,465.4118966640125
2026-04-25,Arsenal,Newcastle,1,0,H,1.4,4.0,2.2037037037037037,5.7592592592592595,9.0,259.28257890392854,1.2,4.0,1.4814814814814814,4.185185185185185,6.0,1007.4960500512802
2026-04-25,Wolves,Tottenham,0,1,A,1.2,2.8,1.2962962962962963,4.111111111111111,7.0,356.5396375597579,0.8,5.4,1.6111111111111112,4.462962962962963,2.0,361.72871193131505
2026-04-25,Fulham,Aston Villa,1,0,H,0.6,3.0,1.5740740740740742,4.444444444444445,5.0,569.2619238050021,1.8,5.0,1.3333333333333333,3.962962962962963,7.0,234.45106377413526
2026-04-25,Liverpool,Crystal Palace,3,1,H,1.4,5.4,2.2222222222222223,6.87037037037037,7.0,566.2765872434819,1.2,2.6,1.2452830188679245,4.132075471698113,8.0,343.3480791628147
2026-04-25,West Ham,Everton,2,1,H,1.2,3.2,1.4074074074074074,3.9814814814814814,8.0,405.5571284547047,1.6,5.6,0.9629629629629629,3.388888888888889,7.0,824.6956430563953
2026-04-27,Man United,Brentford,2,1,H,1.6,5.2,1.5740740740740742,5.851851851851852,7.0,757.7594035775403,0.8,3.0,1.3518518518518519,4.203703703703703,5.0,296.74335314016287
2026-05-01,Leeds,Burnley,3,1,H,1.4,4.4,1.4705882352941178,4.352941176470588,9.0,0.0,0.4,3.2,1.1388888888888888,3.361111111111111,1.0,548.2084391435435
2026-05-02,Brentford,West Ham,3,0,H,1.0,3.4,1.7636363636363637,4.709090909090909,4.0,245.3288575121536,1.4,3.2,1.2727272727272727,3.5636363636363635,8.0,238.05860534855174
2026-05-02,Newcastle,Brighton,3,1,H,0.8,3.6,2.1636363636363636,5.6909090909090905,3.0,1251.965731102425,2.0,5.8,1.490909090909091,4.709090909090909,13.0,448.88350476033014
2026-05-02,Wolves,Sunderland,1,1,D,0.8,2.8,1.2727272727272727,4.072727272727272,4.0,236.75060906782755,1.2,4.8,0.7647058823529411,3.2941176470588234,6.0,0.0
2026-05-02,Arsenal,Fulham,3,0,H,1.2,3.8,2.1818181818181817,5.7272727272727275,9.0,415.05076914079814,0.8,3.2,1.2181818181818183,4.163636363636364,8.0,572.3325286181881
2026-05-03,Bournemouth,Crystal Palace,3,0,H,1.6,4.2,1.3636363636363635,5.109090909090909,9.0,1054.8327597104417,1.2,3.4,1.2407407407407407,4.185185185185185,8.0,358.5616883239053
2026-05-03,Man United,Liverpool,3,2,H,1.8,5.4,1.5818181818181818,5.8545454545454545,10.0,812.7585598657847,1.8,4.6,1.9272727272727272,5.236363636363636,10.0,499.31904250884344
2026-05-03,Aston Villa,Tottenham,1,2,A,1.6,4.4,1.981818181818182,5.327272727272727,7.0,323.26910695881736,0.8,5.0,1.6,4.418181818181818,5.0,461.5408379114267
2026-05-04,Chelsea,Nott'm Forest,1,3,A,0.0,2.6,1.8545454545454545,5.8545454545454545,0.0,501.5901287851397,2.6,4.6,1.4,4.127272727272727,11.0,263.3698303013541
2026-05-04,Everton,Man City,3,3,D,1.4,5.2,1.2727272727272727,4.454545454545454,4.0,886.0670420081282,1.8,7.0,1.8545454545454545,6.054545454545455,11.0,354.44225425174807
2026-05-09,Man City,Brentford,3,0,H,2.0,6.4,2.4444444444444446,6.314814814814815,11.0,393.12916966855204,1.2,4.0,1.3454545454545455,4.2,6.0,320.45355665674913
2026-05-09,Fulham,Bournemouth,0,1,A,0.8,3.4,1.5636363636363637,4.472727272727273,7.0,471.37955348661046,2.2,4.6,1.6181818181818182,4.872727272727273,11.0,843.1914857540579
2026-05-09,Sunderland,Man United,0,0,D,1.4,4.4,1.3529411764705883,3.4705882352941178,7.0,0.0,1.8,5.4,1.3454545454545455,4.345454545454546,10.0,704.811898703957
2026-05-09,Liverpool,Chelsea,1,1,D,2.0,4.8,2.2363636363636363,6.8,9.0,459.40277556139483,0.2,3.0,1.6727272727272726,4.763636363636364,0.0,443.513417610116
2026-05-09,Brighton,Wolves,3,0,H,2.0,5.8,1.5818181818181818,5.381818181818182,10.0,740.2148145008916,0.6,3.6,1.0545454545454545,3.690909090909091,2.0,236.75060906782755
2026-05-10,Burnley,Aston Villa,2,2,D,0.6,3.4,0.9444444444444444,3.388888888888889,0.0,509.5215237267396,1.6,4.2,1.309090909090909,3.909090909090909,7.0,355.7848595803203
2026-05-10,Crystal Palace,Everton,2,2,D,0.6,2.8,1.4,4.5636363636363635,5.0,391.9605860022282,2.0,5.8,0.9636363636363636,3.381818181818182,5.0,889.5487418090647
2026-05-10,Nott'm Forest,Newcastle,1,1,D,3.2,5.0,1.290909090909091,4.072727272727272,13.0,313.7539195025953,1.2,3.8,1.4545454545454546,4.163636363636364,3.0,1247.8937334811478
2026-05-10,West Ham,Arsenal,0,1,A,1.2,3.8,1.4181818181818182,3.963636363636364,7.0,240.34838789863923,1.6,5.2,1.8909090909090909,4.781818181818182,9.0,367.15192528268847
2026-05-11,Tottenham,Leeds,1,1,D,1.0,4.6,1.690909090909091,5.254545454545455,7.0,297.9953133374739,2.0,5.4,1.1176470588235294,3.588235294117647,11.0,0.0
2026-05-13,Man City,Crystal Palace,3,0,H,2.4,7.2,2.4545454545454546,6.381818181818182,13.0,262.0590582098877,1.0,4.4,1.2181818181818183,4.127272727272727,5.0,466.52186857201536
2026-05-15,Aston Villa,Liverpool,4,2,H,1.6,4.2,1.9642857142857142,5.25,5.0,377.30932103031125,2.0,4.4,1.9285714285714286,5.232142857142857,10.0,271.7605289115961
2026-05-17,Man United,Nott'm Forest,3,2,H,1.4,4.6,1.6071428571428572,5.857142857142857,10.0,515.3517668020505,2.8,4.8,1.4285714285714286,4.125,11.0,319.405420141019
2026-05-17,Brentford,Crystal Palace,2,2,D,1.2,4.0,1.7857142857142858,4.732142857142857,5.0,479.88491091732106,0.6,3.8,1.1964285714285714,4.089285714285714,2.0,635.8687912244161
2026-05-17,Everton,Sunderland,1,3,A,1.8,5.2,1.3035714285714286,4.482142857142857,3.0,898.4070664394137,1.0,3.8,0.7777777777777778,3.2222222222222223,5.0,0.0
2026-05-17,Leeds,Brighton,1,0,H,2.2,5.4,1.5555555555555556,4.555555555555555,11.0,0.0,2.2,5.6,1.4821428571428572,4.696428571428571,10.0,1031.546124241453
2026-05-17,Wolves,Fulham,1,1,D,0.2,3.0,1.2678571428571428,4.125,1.0,275.7030441487817,0.2,2.6,1.1964285714285714,4.107142857142857,4.0,370.4265783550328
2026-05-17,Newcastle,West Ham,3,1,H,1.2,4.2,2.1785714285714284,5.696428571428571,4.0,1141.4044040297192,1.2,4.2,1.25,3.5714285714285716,7.0,148.55372757554346
2026-05-18,Arsenal,Burnley,1,0,H,1.4,4.6,2.1964285714285716,5.785714285714286,9.0,323.36756856266544,0.8,3.6,1.135135135135135,3.3513513513513513,1.0,328.8343044611362
2026-05-19,Bournemouth,Man City,1,1,D,2.0,4.6,1.3928571428571428,5.107142857142857,13.0,718.3172952652128,2.4,6.4,1.875,6.017857142857143,13.0,253.57999581850095
2026-05-19,Chelsea,Tottenham,2,1,H,0.4,2.8,1.8392857142857142,5.839285714285714,1.0,442.9482873680418,1.2,4.6,1.6071428571428572,4.428571428571429,8.0,222.08113190879362
